{
  "glass_class": "wispy",
  "recon_mae_srgb255": 2.928569919191027,
  "recon_p95_srgb255": 8.53680579229199,
  "recon_mae_all_srgb255": 4.137452780878784,
  "spec_pixels_pct": 6.127941176470588,
  "mark_pixels_pct": 11.238025210084034,
  "h_mean": 0.7813816197067063,
  "T_mean_rgb": [
    0.8819070737342647,
    0.8865272082270471,
    0.8802964585702149
  ]
}