{
  "glass_class": "wispy",
  "recon_mae_srgb255": 0.6418123634151756,
  "recon_p95_srgb255": 3.261682219823623,
  "recon_mae_all_srgb255": 1.5558894266772147,
  "spec_pixels_pct": 6.127941176470588,
  "mark_pixels_pct": 7.746428571428571,
  "h_mean": 0.6894938873795737,
  "T_mean_rgb": [
    0.8232234521326943,
    0.8298474456569715,
    0.831245344481651
  ],
  "T_anchor_k": 0.95,
  "T_raw_p99": 1.0776074436402325
}