{
  "glass_class": "wispy",
  "recon_mae_srgb255": 2.397480186946381,
  "recon_p95_srgb255": 5.788209255489382,
  "recon_mae_all_srgb255": 3.080816647407253,
  "spec_pixels_pct": 6.127941176470588,
  "mark_pixels_pct": 7.722899159663865,
  "h_mean": 0.6891058963897378,
  "T_mean_rgb": [
    0.8512798687603547,
    0.8589329982210434,
    0.8591930522480544
  ]
}