{
  "glass_class": "wispy",
  "recon_mae_srgb255": 0.7912412780034607,
  "recon_p95_srgb255": 4.201756973852144,
  "recon_mae_all_srgb255": 1.7128210918403792,
  "spec_pixels_pct": 6.127941176470588,
  "mark_pixels_pct": 7.722899159663865,
  "h_mean": 0.6891058963897378,
  "T_mean_rgb": [
    0.8337277065190906,
    0.8412230394956084,
    0.8414777315854429
  ]
}