{
  "glass_class": "wispy",
  "recon_mae_srgb255": 0.6364499318200302,
  "recon_p95_srgb255": 3.2194031793556777,
  "recon_mae_all_srgb255": 1.5507880260717464,
  "spec_pixels_pct": 6.127941176470588,
  "mark_pixels_pct": 7.746008403361344,
  "h_mean": 0.6894330291043317,
  "T_mean_rgb": [
    0.8236415372993563,
    0.8297340439261773,
    0.8306343427639138
  ],
  "T_anchor_k": 0.95,
  "T_raw_p99": 1.076829274854667
}