{
  "glass_class": "cathedral-clear",
  "recon_mae_srgb255": 2.027951621232055,
  "recon_p95_srgb255": 11.375391316044805,
  "recon_mae_all_srgb255": 2.027951621232055,
  "spec_pixels_pct": 0.0,
  "mark_pixels_pct": 0.0,
  "h_mean": 0.06001184417607018,
  "T_mean_rgb": [
    0.7406632268908734,
    0.4047398268402735,
    0.018317602448904083
  ],
  "T_anchor_k": 0.95,
  "T_raw_p99": 1.9540740394208458
}