{
  "glass_class": "cathedral-clear",
  "recon_mae_srgb255": 2.1925730161203263,
  "recon_p95_srgb255": 12.064849658636968,
  "recon_mae_all_srgb255": 2.1925730161203263,
  "spec_pixels_pct": 0.0,
  "mark_pixels_pct": 0.0,
  "h_mean": 0.060011858670903244,
  "T_mean_rgb": [
    0.7467992429466468,
    0.4192999382223357,
    0.019482487168974938
  ]
}