{
  "glass_class": "cathedral-clear",
  "recon_mae_srgb255": 2.224506143752748,
  "recon_p95_srgb255": 12.083018984294853,
  "recon_mae_all_srgb255": 2.224506143752748,
  "spec_pixels_pct": 0.0,
  "mark_pixels_pct": 0.0,
  "h_mean": 0.060011858670903244,
  "T_mean_rgb": [
    0.762521332265948,
    0.4281273053429042,
    0.019892644793585875
  ]
}