{
  "registry": "/Users/dominiquepiche-meunier/Documents/vitraux/frontend/public/assets/glass_swatch_registry.json",
  "n_catalog": 1381,
  "n_skipped": 0,
  "skipped": [],
  "category_summary": {
    "Opalescent": {
      "lum_cv": {
        "p25": 0.04484350319681855,
        "median": 0.0993041447809483,
        "p75": 0.32498478756112875
      },
      "lowfreq_cv": {
        "p25": 0.03650940243289037,
        "median": 0.0782090633677558,
        "p75": 0.20606928930371826
      },
      "highfreq_std": {
        "p25": 0.014858996170700633,
        "median": 0.029687944674820502,
        "p75": 0.1720178647577983
      },
      "chroma_mad": {
        "p25": 0.0036766650936010947,
        "median": 0.011407482132975575,
        "p75": 0.041642084124630815
      },
      "sat_mean": {
        "p25": 0.1838232169592433,
        "median": 0.4617314922943102,
        "p75": 0.7969817092056721
      }
    },
    "Wispy/Streaky": {
      "lum_cv": {
        "p25": 0.2390674134119255,
        "median": 0.41216843643293816,
        "p75": 0.6965687017413599
      },
      "lowfreq_cv": {
        "p25": 0.15311086596559007,
        "median": 0.32173764602309446,
        "p75": 0.4668801826210114
      },
      "highfreq_std": {
        "p25": 0.10662389498590351,
        "median": 0.222656832584026,
        "p75": 0.42247225392711646
      },
      "chroma_mad": {
        "p25": 0.03262839346771598,
        "median": 0.06338617254213641,
        "p75": 0.11383441423304004
      },
      "sat_mean": {
        "p25": 0.2229209383896184,
        "median": 0.46580377545455665,
        "p75": 0.696548910878782
      }
    },
    "Textured/Baroque": {
      "lum_cv": {
        "p25": 0.32514940154109817,
        "median": 0.5031747198826986,
        "p75": 0.7043229451539178
      },
      "lowfreq_cv": {
        "p25": 0.21028013236793516,
        "median": 0.3014211219357762,
        "p75": 0.44028333611397824
      },
      "highfreq_std": {
        "p25": 0.22401621664519122,
        "median": 0.34275858783886687,
        "p75": 0.4983307989810573
      },
      "chroma_mad": {
        "p25": 0.01971330625582103,
        "median": 0.047093434551102875,
        "p75": 0.08863619369185455
      },
      "sat_mean": {
        "p25": 0.21030910566878674,
        "median": 0.5391498091712028,
        "p75": 0.779312506433584
      }
    },
    "Cathedral": {
      "lum_cv": {
        "p25": 0.074022163428312,
        "median": 0.22093618614257549,
        "p75": 0.469208833444545
      },
      "lowfreq_cv": {
        "p25": 0.05114009830373069,
        "median": 0.1792151560312633,
        "p75": 0.37734434799394134
      },
      "highfreq_std": {
        "p25": 0.03970243131755223,
        "median": 0.09408995835149947,
        "p75": 0.256996421022187
      },
      "chroma_mad": {
        "p25": 0.0064110368672913864,
        "median": 0.02418414891643017,
        "p75": 0.08710151777855751
      },
      "sat_mean": {
        "p25": 0.14889223534838414,
        "median": 0.4237798428474958,
        "p75": 0.6899805224554506
      }
    },
    "English Muffle": {
      "lum_cv": {
        "p25": 0.17073762218936064,
        "median": 0.2679845908237136,
        "p75": 0.4183888618588111
      },
      "lowfreq_cv": {
        "p25": 0.12749998430933496,
        "median": 0.1887708467562093,
        "p75": 0.24707094779663263
      },
      "highfreq_std": {
        "p25": 0.092476498374833,
        "median": 0.16323045988544993,
        "p75": 0.24899222811960464
      },
      "chroma_mad": {
        "p25": 0.012649594522046725,
        "median": 0.03246175438040855,
        "p75": 0.05144288661479113
      },
      "sat_mean": {
        "p25": 0.3874522177034396,
        "median": 0.5082685946422317,
        "p75": 0.7582012402094673
      }
    },
    "Ring Mottle": {
      "lum_cv": {
        "p25": 0.13799338211609025,
        "median": 0.3062994862506473,
        "p75": 0.4244427887200782
      },
      "lowfreq_cv": {
        "p25": 0.10361685818046981,
        "median": 0.18251489020673953,
        "p75": 0.28073613353333815
      },
      "highfreq_std": {
        "p25": 0.09611867404377133,
        "median": 0.18083752388272867,
        "p75": 0.2970939566443755
      },
      "chroma_mad": {
        "p25": 0.033071300001316764,
        "median": 0.045647949300451025,
        "p75": 0.061741968750351414
      },
      "sat_mean": {
        "p25": 0.2517988429092137,
        "median": 0.4037733417695256,
        "p75": 0.6715099000802751
      }
    }
  },
  "suncatcher_conditions": [
    {
      "mean_lum": 0.10682107587585639,
      "lum_cv": 0.9455930641276147,
      "lowfreq_cv": 0.6106627975997836,
      "highfreq_std": 0.5644232307451318,
      "highfreq_p95": 1.141045754640862,
      "chroma_mad": 0.019681428767771236,
      "sat_mean": 0.849882204906288,
      "id": "green_raw",
      "sheet": "green",
      "condition": "raw"
    },
    {
      "mean_lum": 0.22792422814889288,
      "lum_cv": 0.7354603866498155,
      "lowfreq_cv": 0.4773722637776583,
      "highfreq_std": 0.5577755051973123,
      "highfreq_p95": 1.1253210825395326,
      "chroma_mad": 0.019481004120910805,
      "sat_mean": 0.8136798143214848,
      "id": "green_relit",
      "sheet": "green",
      "condition": "relit"
    },
    {
      "mean_lum": 0.24852920193527664,
      "lum_cv": 0.34442915326504897,
      "lowfreq_cv": 0.08714396404502753,
      "highfreq_std": 0.34137209599628926,
      "highfreq_p95": 0.550461285989544,
      "chroma_mad": 6.938893903907228e-18,
      "sat_mean": 0.8254019488471125,
      "id": "green_prior",
      "sheet": "green",
      "condition": "prior"
    },
    {
      "mean_lum": 0.17874071536582667,
      "lum_cv": 0.605733820415998,
      "lowfreq_cv": 0.3998922529486275,
      "highfreq_std": 0.4320897145757512,
      "highfreq_p95": 0.8798897727325903,
      "chroma_mad": 0.02631832271142115,
      "sat_mean": 0.9400609401388078,
      "id": "orange_raw",
      "sheet": "orange",
      "condition": "raw"
    },
    {
      "mean_lum": 0.3383021455278649,
      "lum_cv": 0.4040371943687498,
      "lowfreq_cv": 0.25773022349860775,
      "highfreq_std": 0.35258474371747583,
      "highfreq_p95": 0.7227245028317378,
      "chroma_mad": 0.08062599007175336,
      "sat_mean": 0.9169921524204218,
      "id": "orange_relit",
      "sheet": "orange",
      "condition": "relit"
    },
    {
      "mean_lum": 0.3734010242507435,
      "lum_cv": 0.2073335175347352,
      "lowfreq_cv": 0.050393047264127966,
      "highfreq_std": 0.2157214378337182,
      "highfreq_p95": 0.3988613498035265,
      "chroma_mad": 0.022601571560660227,
      "sat_mean": 0.9125139190064152,
      "id": "orange_prior",
      "sheet": "orange",
      "condition": "prior"
    }
  ]
}