{
  "before": {
    "worst": 4.298235671190834,
    "per_recipe": {
      "cathedral-amber": {
        "mean": 1.0882388751979275,
        "worst": 1.2472051096679018,
        "n": 6,
        "gt_range": [
          0.8400149345397949,
          0.9026744002103806
        ],
        "pred_range": [
          0.7233303215554615,
          0.9511409951233748
        ]
      },
      "cathedral-green": {
        "mean": 1.2759357058046557,
        "worst": 1.7673855818765212,
        "n": 5,
        "gt_range": [
          0.7547769546508789,
          0.7875628471374512
        ],
        "pred_range": [
          0.44108225261449413,
          0.9041593106129256
        ]
      },
      "dark-opaque": {
        "mean": 3.6678377368006303,
        "worst": 4.298235671190834,
        "n": 12,
        "gt_range": [
          0.21323869213461877,
          0.21623365581035614
        ],
        "pred_range": [
          0.620435375388254,
          0.9291729994140661
        ]
      },
      "streaky-mix": {
        "mean": 1.422107003201796,
        "worst": 2.450218542620357,
        "n": 6,
        "gt_range": [
          0.9216310381889343,
          1.0006451606750488
        ],
        "pred_range": [
          0.3792936905487635,
          0.9426146584103797
        ]
      },
      "wispy-white": {
        "mean": 1.053065783168401,
        "worst": 1.1733243620521856,
        "n": 6,
        "gt_range": [
          0.9314718246459961,
          0.9511544108390808
        ],
        "pred_range": [
          0.7938741023128669,
          0.9778561567368146
        ]
      }
    },
    "t_lo": 0.04
  },
  "after": {
    "worst": 4.127608229725035,
    "per_recipe": {
      "cathedral-amber": {
        "mean": 1.0781003374882452,
        "worst": 1.1243637855859754,
        "n": 6,
        "gt_range": [
          0.8400149345397949,
          0.9026744002103806
        ],
        "pred_range": [
          0.8241879671837202,
          0.9635081444785555
        ]
      },
      "cathedral-blue": {
        "mean": 1.4385951217855397,
        "worst": 1.8382764988568094,
        "n": 2,
        "gt_range": [
          0.7155104875564575,
          0.7156092524528503
        ],
        "pred_range": [
          0.3892827074152744,
          0.7433536800096123
        ]
      },
      "cathedral-green": {
        "mean": 1.202868854129628,
        "worst": 1.4868171931375689,
        "n": 5,
        "gt_range": [
          0.7547769546508789,
          0.7875628471374512
        ],
        "pred_range": [
          0.5243162490254744,
          0.9285927821271881
        ]
      },
      "cathedral-red": {
        "mean": 1.9570711910028784,
        "worst": 2.909248490624247,
        "n": 2,
        "gt_range": [
          0.7528334856033325,
          0.7529070377349854
        ],
        "pred_range": [
          0.25877249331898583,
          0.7492403369075139
        ]
      },
      "dark-deep": {
        "mean": 2.1345254242074,
        "worst": 4.127608229725035,
        "n": 5,
        "gt_range": [
          0.054833001084625715,
          0.05534113489091396
        ],
        "pred_range": [
          0.07869607872507933,
          0.2263291465374229
        ]
      },
      "dark-opaque": {
        "mean": 1.929973981423406,
        "worst": 3.574947744579801,
        "n": 12,
        "gt_range": [
          0.21323869213461877,
          0.21623365581035614
        ],
        "pred_range": [
          0.16630855400182804,
          0.7728159116178637
        ]
      },
      "dark-ruby": {
        "mean": 1.8544520727012064,
        "worst": 2.9974721154038457,
        "n": 5,
        "gt_range": [
          0.1298374442756176,
          0.13197319209575653
        ],
        "pred_range": [
          0.1219036335969978,
          0.38918411875146447
        ]
      },
      "dark-slate": {
        "mean": 1.7413556405782107,
        "worst": 2.3314834621230536,
        "n": 5,
        "gt_range": [
          0.3089205026626587,
          0.31223572850227355
        ],
        "pred_range": [
          0.20197769216569994,
          0.7211158268419052
        ]
      },
      "dark-textured": {
        "mean": 1.7539118575088803,
        "worst": 2.008640869276607,
        "n": 2,
        "gt_range": [
          0.17631963670253753,
          0.17647109925746918
        ],
        "pred_range": [
          0.11771152515437625,
          0.35416282833672047
        ]
      },
      "saturated-opalescent": {
        "mean": 1.9574325863744453,
        "worst": 2.266414279907278,
        "n": 2,
        "gt_range": [
          0.8167594075202942,
          0.8188701272010803
        ],
        "pred_range": [
          0.3613064630154825,
          0.49547087575800214
        ]
      },
      "streaky-fine-texture": {
        "mean": 1.3528173610543275,
        "worst": 1.6531741446186377,
        "n": 2,
        "gt_range": [
          0.7969094902276992,
          0.7971801161766052
        ],
        "pred_range": [
          0.4820481210777309,
          0.7574441582199468
        ]
      },
      "streaky-mix": {
        "mean": 1.3739690289769868,
        "worst": 2.417475214795536,
        "n": 6,
        "gt_range": [
          0.9216310381889343,
          1.0006451606750488
        ],
        "pred_range": [
          0.3844310080176314,
          0.9467543439364074
        ]
      },
      "wispy-white": {
        "mean": 1.0799782047500521,
        "worst": 1.3444435693419332,
        "n": 6,
        "gt_range": [
          0.9314718246459961,
          0.9511544108390808
        ],
        "pred_range": [
          0.6928307337599339,
          0.9762422018310043
        ]
      }
    },
    "t_lo": 0.04
  },
  "ship": {
    "mu": [
      -1.9852115086679865,
      0.35537400120514956,
      0.22825657819686035
    ],
    "sd": [
      1.1202803085510122,
      0.22479615196018846,
      0.32455324258166046
    ],
    "coef": [
      0.3531479362539755,
      1.6673702761266376,
      0.24018918180299564,
      0.6770387080260797
    ]
  }
}