{
  "case": "seed74",
  "claim": "Soft curl penalty may preserve easy free-flow fitting while encouraging physical/integrable refraction.",
  "config": {
    "out": "research/delighting/results/differentiable_sheet_curl_regularized_sweep",
    "size": 144,
    "seed": 74,
    "ambient": 0.12,
    "leak": 0.88,
    "max_disp": 10.0,
    "shift_x": 19.0,
    "shift_y": -11.0,
    "t_low_res": 26,
    "disp_low_res": 54,
    "b_low_res": 72,
    "steps_motion": 1200,
    "lr_t": 0.08,
    "lr_d": 0.05,
    "lr_b": 0.035,
    "t_tv": 0.01,
    "b_tv": 0.0015,
    "disp_tv": 0.004,
    "disp_lap": 0.004,
    "disp_mag": 0.001,
    "curl_weights": "0,0.03,0.10,0.30",
    "log_every": 450,
    "sweep": true,
    "sweep_seeds": "71,72,73,74",
    "cpu": false,
    "device": "mps",
    "elapsed_s": 7.0891759395599365,
    "shifts": [
      [
        0.0,
        0.0
      ],
      [
        19.0,
        -11.0
      ]
    ]
  },
  "metrics": [
    {
      "name": "curl 0",
      "renderer_recon_mae": 0.0019633808406069875,
      "T_mae": 0.10291019827127457,
      "T_lum_mae": 0.1980481594800949,
      "B_mae": 0.1684097945690155,
      "preview_lum_cv": 0.11656648849878203,
      "T_highfreq_corr_with_bg": 0.04530423624739102,
      "disp_epe_px": 3.716683864593506,
      "disp_corr_x": 0.3341270760418317,
      "disp_corr_y": 0.19878897326353015,
      "curl_abs": 0.045750465244054794,
      "curl_weight": 0.0
    },
    {
      "name": "curl 0.03",
      "renderer_recon_mae": 0.0021567571675404906,
      "T_mae": 0.10027702897787094,
      "T_lum_mae": 0.19345799088478088,
      "B_mae": 0.16207458078861237,
      "preview_lum_cv": 0.11268431743333238,
      "T_highfreq_corr_with_bg": 0.014973755361787248,
      "disp_epe_px": 3.2260470390319824,
      "disp_corr_x": 0.4625799592331064,
      "disp_corr_y": 0.3010787096124581,
      "curl_abs": 0.009708074852824211,
      "curl_weight": 0.03
    },
    {
      "name": "curl 0.1",
      "renderer_recon_mae": 0.0023315298603847623,
      "T_mae": 0.09827134013175964,
      "T_lum_mae": 0.18993884325027466,
      "B_mae": 0.15548492968082428,
      "preview_lum_cv": 0.12699500990577792,
      "T_highfreq_corr_with_bg": 0.043286161978813735,
      "disp_epe_px": 2.98828387260437,
      "disp_corr_x": 0.5334257664203319,
      "disp_corr_y": 0.4057558529999496,
      "curl_abs": 0.00412053382024169,
      "curl_weight": 0.1
    },
    {
      "name": "curl 0.3",
      "renderer_recon_mae": 0.0024387490702793,
      "T_mae": 0.0973772257566452,
      "T_lum_mae": 0.18786512315273285,
      "B_mae": 0.15393003821372986,
      "preview_lum_cv": 0.13770671412113164,
      "T_highfreq_corr_with_bg": 0.02971918313158039,
      "disp_epe_px": 3.022340774536133,
      "disp_corr_x": 0.5280391957841525,
      "disp_corr_y": 0.4092782748577025,
      "curl_abs": 0.0026012007147073746,
      "curl_weight": 0.3
    }
  ],
  "logs": {
    "curl 0": [
      {
        "step": 0,
        "loss": 0.023344580084085464,
        "recon": 0.02328871376812458,
        "curl": 0.0,
        "disp_abs": 0.0
      },
      {
        "step": 450,
        "loss": 0.0027413638308644295,
        "recon": 0.0020439394284039736,
        "curl": 0.046776801347732544,
        "disp_abs": 1.644135594367981
      },
      {
        "step": 900,
        "loss": 0.0026798462495207787,
        "recon": 0.001988062635064125,
        "curl": 0.04658249393105507,
        "disp_abs": 1.6441435813903809
      },
      {
        "step": 1199,
        "loss": 0.0026572924107313156,
        "recon": 0.0019722343422472477,
        "curl": 0.045750465244054794,
        "disp_abs": 1.6347438097000122
      }
    ],
    "curl 0.03": [
      {
        "step": 0,
        "loss": 0.023344580084085464,
        "recon": 0.02328871376812458,
        "curl": 0.0,
        "disp_abs": 0.0
      },
      {
        "step": 450,
        "loss": 0.0029836005996912718,
        "recon": 0.0022046715021133423,
        "curl": 0.00963526125997305,
        "disp_abs": 1.292946696281433
      },
      {
        "step": 900,
        "loss": 0.002945162355899811,
        "recon": 0.0021712081506848335,
        "curl": 0.009612752124667168,
        "disp_abs": 1.300065040588379
      },
      {
        "step": 1199,
        "loss": 0.002937830053269863,
        "recon": 0.0021623484790325165,
        "curl": 0.009708074852824211,
        "disp_abs": 1.3061494827270508
      }
    ],
    "curl 0.1": [
      {
        "step": 0,
        "loss": 0.023344580084085464,
        "recon": 0.02328871376812458,
        "curl": 0.0,
        "disp_abs": 0.0
      },
      {
        "step": 450,
        "loss": 0.0032661519944667816,
        "recon": 0.002427017781883478,
        "curl": 0.004149408079683781,
        "disp_abs": 1.1301518678665161
      },
      {
        "step": 900,
        "loss": 0.0031876880675554276,
        "recon": 0.0023509166203439236,
        "curl": 0.00410085916519165,
        "disp_abs": 1.1745864152908325
      },
      {
        "step": 1199,
        "loss": 0.003175199730321765,
        "recon": 0.0023348734248429537,
        "curl": 0.00412053382024169,
        "disp_abs": 1.197163701057434
      }
    ],
    "curl 0.3": [
      {
        "step": 0,
        "loss": 0.023344580084085464,
        "recon": 0.02328871376812458,
        "curl": 0.0,
        "disp_abs": 0.0
      },
      {
        "step": 450,
        "loss": 0.0038162879645824432,
        "recon": 0.0026418999768793583,
        "curl": 0.002651602728292346,
        "disp_abs": 1.0579336881637573
      },
      {
        "step": 900,
        "loss": 0.0036589738447219133,
        "recon": 0.0024850782938301563,
        "curl": 0.0025961813516914845,
        "disp_abs": 1.1933212280273438
      },
      {
        "step": 1199,
        "loss": 0.003622874617576599,
        "recon": 0.0024431971833109856,
        "curl": 0.0026012007147073746,
        "disp_abs": 1.2417490482330322
      }
    ]
  }
}