{
 "streaky-mix": {
  "L_p50": 55.41025742695788,
  "L_range": 35.33197215835128,
  "C_p50": 28.748452571862856,
  "C_p95": 49.08431786551031,
  "hf": 0.002038422476702029,
  "coh": 0.5409203656946716,
  "gt_h_std": 0.24958760440349578,
  "gt_h_p50": 0.7215705156326294,
  "gt_h_frac_white": 0.3629896375868055,
  "delta_ab": 19.250995228517553,
  "bimodality_p99_p50": 9.065923011462852
 },
 "streaky-fine-texture": {
  "L_p50": 51.99473919627295,
  "L_range": 25.898511085614718,
  "C_p50": 36.51629266604385,
  "C_p95": 48.557447781049824,
  "hf": 0.0025769282763392328,
  "coh": 0.5672488017377424,
  "gt_h_std": 0.10527877509593964,
  "gt_h_p50": 0.6034254431724548,
  "gt_h_frac_white": 0.0,
  "delta_ab": 10.355630831259958,
  "bimodality_p99_p50": 5.429777676416224
 },
 "wispy-white": {
  "L_p50": 62.49155272132457,
  "L_range": 24.380340276485484,
  "C_p50": 19.29646346503523,
  "C_p95": 23.86999399230047,
  "hf": 0.0023760343256114444,
  "coh": 0.47472580615310045,
  "gt_h_std": 0.13222419768571853,
  "gt_h_p50": 0.7274525046348572,
  "gt_h_frac_white": 0.22728407118055555,
  "delta_ab": 6.089908305955168,
  "bimodality_p99_p50": 5.071833240083972
 }
}