{
 "streaky-mix": {
  "L_p50": 61.699230867724,
  "L_range": 30.176440733937092,
  "C_p50": 23.201944563259396,
  "C_p95": 35.63585800040255,
  "hf": 0.0019233088000556071,
  "coh": 0.5196864494854943,
  "gt_h_std": 0.1812592178583145,
  "gt_h_p50": 0.8185643315315246,
  "gt_h_frac_white": 0.44208034939236107,
  "delta_ab": 10.947387556982134,
  "bimodality_p99_p50": 6.124467521581658
 },
 "streaky-fine-texture": {
  "L_p50": 56.539444248813666,
  "L_range": 20.970110660343902,
  "C_p50": 30.294325414163637,
  "C_p95": 37.02084707540623,
  "hf": 0.0021605453367984726,
  "coh": 0.5461740665993264,
  "gt_h_std": 0.07833101898431778,
  "gt_h_p50": 0.6357560396194458,
  "gt_h_frac_white": 0.0,
  "delta_ab": 6.003749747337829,
  "bimodality_p99_p50": 4.15547727206666
 },
 "wispy-white": {
  "L_p50": 64.44888784612992,
  "L_range": 24.337301958049377,
  "C_p50": 16.392570052561688,
  "C_p95": 19.99469784996821,
  "hf": 0.002372959095832361,
  "coh": 0.47837438415976774,
  "gt_h_std": 0.13222419768571853,
  "gt_h_p50": 0.7274525046348572,
  "gt_h_frac_white": 0.22728407118055555,
  "delta_ab": 4.9152412258537295,
  "bimodality_p99_p50": 5.045921650850946
 }
}