{
  "split": "test",
  "per_sample": [
    {
      "sample": "cathedral-amber__seed43__light9423",
      "class_label": "cathedral-amber",
      "glass_class": "cathedral-clear",
      "shadow_pct": 3.783416748046875,
      "T_shift_orig_to_fixed": 0.0,
      "in_raw": 118.3014711554148,
      "in_orig": 86.22322571580749,
      "in_fixed": 86.22322571580749,
      "in_neural": 23.134029593657626,
      "out_raw": 49.04124669629332,
      "out_orig": 24.931298899958726,
      "out_fixed": 24.931298899958726,
      "out_neural": 24.29939823293903,
      "all_raw": 51.66164962821458,
      "all_orig": 27.250227924310185,
      "all_fixed": 27.250227924310185,
      "all_neural": 24.25530748066397
    },
    {
      "sample": "cathedral-green__seed42__light7527",
      "class_label": "cathedral-green",
      "glass_class": "cathedral-clear",
      "shadow_pct": 4.3247222900390625,
      "T_shift_orig_to_fixed": 0.0,
      "in_raw": 87.15713278183298,
      "in_orig": 71.76535333719539,
      "in_fixed": 71.76535333719539,
      "in_neural": 16.217623413327637,
      "out_raw": 34.11736261795157,
      "out_orig": 19.213266174598722,
      "out_fixed": 19.213266174598722,
      "out_neural": 19.15067401173031,
      "all_raw": 36.41234975340742,
      "all_orig": 21.487151668575535,
      "all_fixed": 21.487151668575535,
      "all_neural": 19.0237633299876
    },
    {
      "sample": "dark-opaque__seed44__light8879",
      "class_label": "dark-opaque",
      "glass_class": "dark-opaque",
      "shadow_pct": 2.13623046875,
      "T_shift_orig_to_fixed": 0.0,
      "in_raw": 45.86008422051817,
      "in_orig": 46.371013428893484,
      "in_fixed": 46.371013428893484,
      "in_neural": 23.27546344613365,
      "out_raw": 19.250955909116975,
      "out_orig": 18.09039565936168,
      "out_fixed": 18.09039565936168,
      "out_neural": 17.33662513274866,
      "all_raw": 19.824452780304746,
      "all_orig": 18.699917535323863,
      "all_fixed": 18.699917535323863,
      "all_neural": 17.464622756397123
    },
    {
      "sample": "streaky-mix__seed45__light7018",
      "class_label": "streaky-mix",
      "glass_class": "wispy",
      "shadow_pct": 4.2938232421875,
      "T_shift_orig_to_fixed": 0.0,
      "in_raw": 130.90100849753858,
      "in_orig": 17.495845890492138,
      "in_fixed": 17.495845890492138,
      "in_neural": 17.189334681302636,
      "out_raw": 68.07474386890429,
      "out_orig": 18.471561454038866,
      "out_fixed": 18.471561454038866,
      "out_neural": 18.50543886951816,
      "all_raw": 72.90192536394113,
      "all_orig": 18.396593506467692,
      "all_fixed": 18.396593506467692,
      "all_neural": 18.404317565865178
    },
    {
      "sample": "wispy-white__seed46__light6553",
      "class_label": "wispy-white",
      "glass_class": "wispy",
      "shadow_pct": 6.182861328125,
      "T_shift_orig_to_fixed": 0.0,
      "in_raw": 82.95408250405686,
      "in_orig": 19.256641483169574,
      "in_fixed": 19.256641483169574,
      "in_neural": 19.368800630420033,
      "out_raw": 51.76164085513251,
      "out_orig": 12.536944831747837,
      "out_fixed": 12.536944831747837,
      "out_neural": 11.208329824739838,
      "all_raw": 53.69623349373415,
      "all_orig": 12.953708476665161,
      "all_fixed": 12.953708476665161,
      "all_neural": 11.71445201055266
    }
  ],
  "per_recipe": {
    "cathedral-amber": {
      "n": 1,
      "in_raw": 118.3014711554148,
      "in_orig": 86.22322571580749,
      "in_fixed": 86.22322571580749,
      "in_neural": 23.134029593657626,
      "out_raw": 49.04124669629332,
      "out_orig": 24.931298899958726,
      "out_fixed": 24.931298899958726,
      "out_neural": 24.29939823293903,
      "all_raw": 51.66164962821458,
      "all_orig": 27.250227924310185,
      "all_fixed": 27.250227924310185,
      "all_neural": 24.25530748066397,
      "T_shift_orig_to_fixed": 0.0
    },
    "cathedral-green": {
      "n": 1,
      "in_raw": 87.15713278183298,
      "in_orig": 71.76535333719539,
      "in_fixed": 71.76535333719539,
      "in_neural": 16.217623413327637,
      "out_raw": 34.11736261795157,
      "out_orig": 19.213266174598722,
      "out_fixed": 19.213266174598722,
      "out_neural": 19.15067401173031,
      "all_raw": 36.41234975340742,
      "all_orig": 21.487151668575535,
      "all_fixed": 21.487151668575535,
      "all_neural": 19.0237633299876,
      "T_shift_orig_to_fixed": 0.0
    },
    "dark-opaque": {
      "n": 1,
      "in_raw": 45.86008422051817,
      "in_orig": 46.371013428893484,
      "in_fixed": 46.371013428893484,
      "in_neural": 23.27546344613365,
      "out_raw": 19.250955909116975,
      "out_orig": 18.09039565936168,
      "out_fixed": 18.09039565936168,
      "out_neural": 17.33662513274866,
      "all_raw": 19.824452780304746,
      "all_orig": 18.699917535323863,
      "all_fixed": 18.699917535323863,
      "all_neural": 17.464622756397123,
      "T_shift_orig_to_fixed": 0.0
    },
    "streaky-mix": {
      "n": 1,
      "in_raw": 130.90100849753858,
      "in_orig": 17.495845890492138,
      "in_fixed": 17.495845890492138,
      "in_neural": 17.189334681302636,
      "out_raw": 68.07474386890429,
      "out_orig": 18.471561454038866,
      "out_fixed": 18.471561454038866,
      "out_neural": 18.50543886951816,
      "all_raw": 72.90192536394113,
      "all_orig": 18.396593506467692,
      "all_fixed": 18.396593506467692,
      "all_neural": 18.404317565865178,
      "T_shift_orig_to_fixed": 0.0
    },
    "wispy-white": {
      "n": 1,
      "in_raw": 82.95408250405686,
      "in_orig": 19.256641483169574,
      "in_fixed": 19.256641483169574,
      "in_neural": 19.368800630420033,
      "out_raw": 51.76164085513251,
      "out_orig": 12.536944831747837,
      "out_fixed": 12.536944831747837,
      "out_neural": 11.208329824739838,
      "all_raw": 53.69623349373415,
      "all_orig": 12.953708476665161,
      "all_fixed": 12.953708476665161,
      "all_neural": 11.71445201055266,
      "T_shift_orig_to_fixed": 0.0
    }
  },
  "cathedral": {
    "n": 2,
    "in_raw": 102.7293019686239,
    "in_orig": 78.99428952650143,
    "in_fixed": 78.99428952650143,
    "in_neural": 19.67582650349263,
    "out_raw": 41.57930465712245,
    "out_orig": 22.072282537278724,
    "out_fixed": 22.072282537278724,
    "out_neural": 21.72503612233467,
    "all_raw": 44.036999690811,
    "all_orig": 24.368689796442858,
    "all_fixed": 24.368689796442858,
    "all_neural": 21.639535405325784,
    "T_shift_orig_to_fixed": 0.0
  },
  "shadowed_overall": {
    "n": 5,
    "in_raw": 93.03475583187227,
    "in_orig": 48.222415971111616,
    "in_fixed": 48.222415971111616,
    "in_neural": 19.837050352968316,
    "out_raw": 44.449189989479734,
    "out_orig": 18.648693403941163,
    "out_fixed": 18.648693403941163,
    "out_neural": 18.1000932143352,
    "all_raw": 46.899322203920406,
    "all_orig": 19.757519822268485,
    "all_fixed": 19.757519822268485,
    "all_neural": 18.172492628693306,
    "T_shift_orig_to_fixed": 0.0
  },
  "overall": {
    "n": 5,
    "in_raw": 93.03475583187227,
    "in_orig": 48.222415971111616,
    "in_fixed": 48.222415971111616,
    "in_neural": 19.837050352968316,
    "out_raw": 44.449189989479734,
    "out_orig": 18.648693403941163,
    "out_fixed": 18.648693403941163,
    "out_neural": 18.1000932143352,
    "all_raw": 46.899322203920406,
    "all_orig": 19.757519822268485,
    "all_fixed": 19.757519822268485,
    "all_neural": 18.172492628693306,
    "T_shift_orig_to_fixed": 0.0
  }
}