{
  "split": "train",
  "per_sample": [
    {
      "sample": "cathedral-amber__seed43__light2358",
      "class_label": "cathedral-amber",
      "glass_class": "cathedral-clear",
      "shadow_pct": 4.28924560546875,
      "T_shift_orig_to_fixed": 0.0,
      "in_raw": 80.4100580487753,
      "in_orig": 63.11476512099018,
      "in_fixed": 63.11476512099018,
      "in_neural": 10.33961408668203,
      "out_raw": 32.68291861994832,
      "out_orig": 18.47628568539023,
      "out_fixed": 18.47628568539023,
      "out_neural": 16.10889753416418,
      "all_raw": 34.767296603859336,
      "all_orig": 20.425773228208087,
      "all_fixed": 20.425773228208087,
      "all_neural": 15.85693675158246
    },
    {
      "sample": "cathedral-amber__seed43__light5427",
      "class_label": "cathedral-amber",
      "glass_class": "cathedral-clear",
      "shadow_pct": 4.2415618896484375,
      "T_shift_orig_to_fixed": 0.0,
      "in_raw": 128.517076110798,
      "in_orig": 92.76926368977578,
      "in_fixed": 92.76926368977578,
      "in_neural": 20.734704157006007,
      "out_raw": 51.30773195587729,
      "out_orig": 26.970454232905926,
      "out_fixed": 26.970454232905926,
      "out_neural": 26.326940197258455,
      "all_raw": 54.58261407279992,
      "all_orig": 29.76135145867091,
      "all_fixed": 29.76135145867091,
      "all_neural": 26.089742044595926
    },
    {
      "sample": "cathedral-amber__seed43__light5923",
      "class_label": "cathedral-amber",
      "glass_class": "cathedral-clear",
      "shadow_pct": 3.546142578125,
      "T_shift_orig_to_fixed": 0.0,
      "in_raw": 54.05994497504605,
      "in_orig": 40.984294308538274,
      "in_fixed": 40.984294308538274,
      "in_neural": 11.027235452407103,
      "out_raw": 31.73870213935963,
      "out_orig": 18.914876191301857,
      "out_fixed": 18.914876191301857,
      "out_neural": 18.832134904349992,
      "all_raw": 32.53024523552259,
      "all_orig": 19.69748922390161,
      "all_fixed": 19.69748922390161,
      "all_neural": 18.5553620417048
    },
    {
      "sample": "cathedral-green__seed42__light0409",
      "class_label": "cathedral-green",
      "glass_class": "cathedral-clear",
      "shadow_pct": 2.436065673828125,
      "T_shift_orig_to_fixed": 0.0,
      "in_raw": 117.1916648138835,
      "in_orig": 105.57774902459144,
      "in_fixed": 105.57774902459144,
      "in_neural": 38.413709360745955,
      "out_raw": 27.05453169714263,
      "out_orig": 19.23226410590382,
      "out_fixed": 19.23226410590382,
      "out_neural": 18.689409137253325,
      "all_raw": 29.25033145637232,
      "all_orig": 21.335696824908407,
      "all_fixed": 21.335696824908407,
      "all_neural": 19.169906044400634
    },
    {
      "sample": "cathedral-green__seed42__light3611",
      "class_label": "cathedral-green",
      "glass_class": "cathedral-clear",
      "shadow_pct": 4.2430877685546875,
      "T_shift_orig_to_fixed": 0.0,
      "in_raw": 106.73447087193273,
      "in_orig": 74.50942800226316,
      "in_fixed": 74.50942800226316,
      "in_neural": 18.502690803244782,
      "out_raw": 37.18523821297246,
      "out_orig": 21.55025604095979,
      "out_fixed": 21.55025604095979,
      "out_neural": 21.304639912490135,
      "all_raw": 40.136273197048446,
      "all_orig": 23.797360188777695,
      "all_fixed": 23.797360188777695,
      "all_neural": 21.185750752554622
    },
    {
      "sample": "cathedral-green__seed42__light6227",
      "class_label": "cathedral-green",
      "glass_class": "cathedral-clear",
      "shadow_pct": 4.9365997314453125,
      "T_shift_orig_to_fixed": 0.0,
      "in_raw": 61.047862519104555,
      "in_orig": 49.28702211308674,
      "in_fixed": 49.28702211308674,
      "in_neural": 10.696327628671177,
      "out_raw": 52.96697354945245,
      "out_orig": 27.312660300972418,
      "out_fixed": 27.312660300972418,
      "out_neural": 27.083017948241718,
      "all_raw": 53.36589469262669,
      "all_orig": 28.397446587176074,
      "all_fixed": 28.397446587176074,
      "all_neural": 26.274072637933024
    },
    {
      "sample": "dark-opaque__seed44__light1205",
      "class_label": "dark-opaque",
      "glass_class": "dark-opaque",
      "shadow_pct": 0.0,
      "T_shift_orig_to_fixed": 0.0,
      "in_raw": null,
      "in_orig": null,
      "in_fixed": null,
      "in_neural": null,
      "out_raw": 18.990035380164436,
      "out_orig": 14.52385707565825,
      "out_fixed": 14.52385707565825,
      "out_neural": 14.378597381473774,
      "all_raw": 18.990035380164436,
      "all_orig": 14.52385707565825,
      "all_fixed": 14.52385707565825,
      "all_neural": 14.378597381473774
    },
    {
      "sample": "dark-opaque__seed44__light4062",
      "class_label": "dark-opaque",
      "glass_class": "dark-opaque",
      "shadow_pct": 0.0,
      "T_shift_orig_to_fixed": 0.0,
      "in_raw": null,
      "in_orig": null,
      "in_fixed": null,
      "in_neural": null,
      "out_raw": 15.311790375021976,
      "out_orig": 15.198930086076828,
      "out_fixed": 15.198930086076828,
      "out_neural": 14.656760800006666,
      "all_raw": 15.311790375021976,
      "all_orig": 15.198930086076828,
      "all_fixed": 15.198930086076828,
      "all_neural": 14.656760800006666
    },
    {
      "sample": "dark-opaque__seed44__light9893",
      "class_label": "dark-opaque",
      "glass_class": "dark-opaque",
      "shadow_pct": 0.0,
      "T_shift_orig_to_fixed": 0.0,
      "in_raw": null,
      "in_orig": null,
      "in_fixed": null,
      "in_neural": null,
      "out_raw": 16.963174299944566,
      "out_orig": 12.379778854739728,
      "out_fixed": 12.379778854739728,
      "out_neural": 12.40536819211368,
      "all_raw": 16.963174299944566,
      "all_orig": 12.379778854739728,
      "all_fixed": 12.379778854739728,
      "all_neural": 12.40536819211368
    },
    {
      "sample": "dark-opaque__seed47__light2056",
      "class_label": "dark-opaque",
      "glass_class": "dark-opaque",
      "shadow_pct": 0.0,
      "T_shift_orig_to_fixed": 0.0,
      "in_raw": null,
      "in_orig": null,
      "in_fixed": null,
      "in_neural": null,
      "out_raw": 22.900034181477725,
      "out_orig": 15.750084291076751,
      "out_fixed": 15.750084291076751,
      "out_neural": 15.425737116173677,
      "all_raw": 22.900034181477725,
      "all_orig": 15.750084291076751,
      "all_fixed": 15.750084291076751,
      "all_neural": 15.425737116173677
    },
    {
      "sample": "dark-opaque__seed47__light3915",
      "class_label": "dark-opaque",
      "glass_class": "dark-opaque",
      "shadow_pct": 2.1945953369140625,
      "T_shift_orig_to_fixed": 0.0,
      "in_raw": 47.04817327445467,
      "in_orig": 47.732389096352065,
      "in_fixed": 47.732389096352065,
      "in_neural": 4.392223636235718,
      "out_raw": 11.409027468212514,
      "out_orig": 10.43275374195161,
      "out_fixed": 10.43275374195161,
      "out_neural": 9.804281138229936,
      "all_raw": 12.191162500192306,
      "all_orig": 11.25132980012523,
      "all_fixed": 11.25132980012523,
      "all_neural": 9.685508376660062
    },
    {
      "sample": "dark-opaque__seed47__light7048",
      "class_label": "dark-opaque",
      "glass_class": "dark-opaque",
      "shadow_pct": 2.3258209228515625,
      "T_shift_orig_to_fixed": 0.0,
      "in_raw": 62.869192051571765,
      "in_orig": 48.71790812694701,
      "in_fixed": 48.71790812694701,
      "in_neural": 19.1268399469643,
      "out_raw": 29.019611811783843,
      "out_orig": 17.71759776776562,
      "out_fixed": 17.71759776776562,
      "out_neural": 17.245911955963305,
      "all_raw": 29.806892431298255,
      "all_orig": 18.438609472248384,
      "all_fixed": 18.438609472248384,
      "all_neural": 17.289658972721778
    },
    {
      "sample": "dark-opaque__seed47__light9142",
      "class_label": "dark-opaque",
      "glass_class": "dark-opaque",
      "shadow_pct": 0.0,
      "T_shift_orig_to_fixed": 0.0,
      "in_raw": null,