{
  "cases": [
    {
      "case": "seed51",
      "seed": 51,
      "metrics": [
        {
          "name": "two-frame free-flow D",
          "renderer_recon_mae": 0.0018350285827182233,
          "T_mae": 0.10107354819774628,
          "T_lum_mae": 0.19555340707302094,
          "B_mae": 0.157827690243721,
          "preview_lum_cv": 0.11417692009500818,
          "T_highfreq_corr_with_bg": -0.002113633456181513,
          "disp_epe_px": 3.156020402908325,
          "disp_corr_x": 0.41474732008767085,
          "disp_corr_y": 0.24146335132223423,
          "height_corr": 0.0,
          "height_abs_corr": 0.0,
          "height_lap_std": 0.0,
          "height_scale": 0.0
        },
        {
          "name": "two-frame height-field D",
          "renderer_recon_mae": 0.003657209570519626,
          "T_mae": 0.10973653197288513,
          "T_lum_mae": 0.20930753648281097,
          "B_mae": 0.1899879425764084,
          "preview_lum_cv": 0.1379886664748274,
          "T_highfreq_corr_with_bg": 0.16206535193795854,
          "disp_epe_px": 4.04799747467041,
          "disp_corr_x": 0.15884283008871863,
          "disp_corr_y": 0.12911155362004068,
          "height_corr": 0.17210806823344355,
          "height_abs_corr": 0.17210806823344355,
          "height_lap_std": 0.02930423803627491,
          "height_scale": 3.0892980098724365
        },
        {
          "name": "two-frame height-field D oracle init",
          "renderer_recon_mae": 0.0023182196309790015,
          "T_mae": 0.09739679098129272,
          "T_lum_mae": 0.1900428980588913,
          "B_mae": 0.1424093395471573,
          "preview_lum_cv": 0.1444334895927413,
          "T_highfreq_corr_with_bg": 0.019046347986658167,
          "disp_epe_px": 2.2655229568481445,
          "disp_corr_x": 0.6301692258257667,
          "disp_corr_y": 0.6714230768186938,
          "height_corr": 0.752710999742805,
          "height_abs_corr": 0.752710999742805,
          "height_lap_std": 0.013493294827640057,
          "height_scale": 1.4875812530517578
        }
      ],
      "config": {
        "out": "research/delighting/results/differentiable_sheet_heightfield_sweep",
        "size": 144,
        "seed": 51,
        "ambient": 0.12,
        "leak": 0.88,
        "max_disp": 10.0,
        "shift_x": 19.0,
        "shift_y": -11.0,
        "t_low_res": 26,
        "disp_low_res": 54,
        "b_low_res": 72,
        "height_low_res": 54,
        "steps_motion": 1200,
        "steps_height": 1400,
        "lr_t": 0.08,
        "lr_d": 0.05,
        "lr_b": 0.035,
        "lr_h": 0.055,
        "lr_scale": 0.02,
        "t_tv": 0.01,
        "b_tv": 0.0015,
        "disp_tv": 0.004,
        "disp_lap": 0.004,
        "disp_mag": 0.001,
        "height_tv": 0.01,
        "height_lap": 0.018,
        "height_scale_max": 18.0,
        "height_scale_logit": 0.0,
        "log_every": 450,
        "sweep": true,
        "sweep_seeds": "51,52,53,54",
        "cpu": false,
        "device": "mps",
        "elapsed_s": 6.419165849685669,
        "shifts": [
          [
            0.0,
            0.0
          ],
          [
            19.0,
            -11.0
          ]
        ]
      }
    },
    {
      "case": "seed52",
      "seed": 52,
      "metrics": [
        {
          "name": "two-frame free-flow D",
          "renderer_recon_mae": 0.001867886632680893,
          "T_mae": 0.10404431074857712,
          "T_lum_mae": 0.19986683130264282,
          "B_mae": 0.1654108762741089,
          "preview_lum_cv": 0.13674849208092232,
          "T_highfreq_corr_with_bg": 0.05912933960065495,
          "disp_epe_px": 3.168696641921997,
          "disp_corr_x": 0.4168336371212955,
          "disp_corr_y": 0.37225144317717973,
          "height_corr": 0.0,
          "height_abs_corr": 0.0,
          "height_lap_std": 0.0,
          "height_scale": 0.0
        },
        {
          "name": "two-frame height-field D",
          "renderer_recon_mae": 0.003868027124553919,
          "T_mae": 0.10929897427558899,
          "T_lum_mae": 0.20822569727897644,
          "B_mae": 0.1907874196767807,
          "preview_lum_cv": 0.15860247736320998,
          "T_highfreq_corr_with_bg": 0.1452400947159325,
          "disp_epe_px": 4.185667991638184,
          "disp_corr_x": 0.1521076256879903,
          "disp_corr_y": 0.19487795778051942,
          "height_corr": 0.35451012850087665,
          "height_abs_corr": 0.35451012850087665,
          "height_lap_std": 0.032165076583623886,
          "height_scale": 3.254387378692627
        },
        {
          "name": "two-frame height-field D oracle init",
          "renderer_recon_mae": 0.002432393725030124,
          "T_mae": 0.10195869952440262,
          "T_lum_mae": 0.1983524113893509,
          "B_mae": 0.15293093025684357,
          "preview_lum_cv": 0.17357317916278825,
          "T_highfreq_corr_with_bg": 0.05405652198906352,
          "disp_epe_px": 2.150871753692627,
          "disp_corr_x": 0.7371703703364294,
          "disp_corr_y": 0.7415856035611061,
          "height_corr": 0.8454433385317751,
          "height_abs_corr": 0.8454433385317751,
          "height_lap_std": 0.014554229564964771,
          "height_scale": 1.8923003673553467
        }
      ],
      "config": {
        "out": "research/delighting/results/differentiable_sheet_heightfield_sweep",
        "size": 144,
        "seed": 52,
        "ambient": 0.12,
        "leak": 0.88,
        "max_disp": 10.0,
        "shift_x": 19.0,
        "shift_y": -11.0,
        "t_low_res": 26,
        "disp_low_res": 54,
        "b_low_res": 72,
        "height_low_res": 54,
        "steps_motion": 1200,
        "steps_height": 1400,
        "lr_t": 0.08,
        "lr_d": 0.05,
        "lr_b": 0.035,
        "lr_h": 0.055,
        "lr_scale": 0.02,
        "t_tv": 0.01,
        "b_tv": 0.0015,
        "disp_tv": 0.004,
        "disp_lap": 0.004,
        "disp_mag": 0.001,
        "height_tv": 0.01,
        "height_lap": 0.018,
        "height_scale_max": 18.0,
        "height_scale_logit": 0.0,
        "log_every": 450,
        "sweep": true,
        "sweep_seeds": "51,52,53,54",
        "cpu": false,
        "device": "mps",
        "elapsed_s": 6.376753091812134,
        "shifts": [
          [
            0.0,
            0.0
          ],
          [
            19.0,
            -11.0
          ]
        ]
      }
    },
    {
      "case": "seed53",
      "seed": 53,
      "metrics": [
        {
          "name": "two-frame free-flow D",
          "renderer_recon_mae": 0.0019365479820407927,
          "T_mae": 0.10557752847671509,
          "T_lum_mae": 0.20491153001785278,
          "B_mae": 0.17018046975135803,
          "preview_lum_cv": 0.12999135563346736,
          "T_highfreq_corr_with_bg": 0.019488449594456354,
          "disp_epe_px": 3.540513753890991,
          "disp_corr_x": 0.3254951835100471,
          "disp_corr_y": 0.26142694140386363,
          "height_corr": 0.0,
          "height_abs_corr": 0.0,
          "height_lap_std": 0.0,
          "height_scale": 0.0
        },
        {
          "name": "two-frame height-field D",
          "renderer_recon_mae": 0.004309989861212671,
          "T_mae": 0.10847453027963638,
          "T_lum_mae": 0.2077394425868988,
          "B_mae": 0.18946826457977295,
          "preview_lum_cv": 0.08654476393763987,
          "T_highfreq_corr_with_bg": 0.08240891439446707,
          "disp_epe_px": 4.431292533874512,
          "disp_corr_x": 0.1508687516287097,
          "disp_corr_y": 0.19422609824024603,
          "height_corr": 0.34551244928051367,
          "height_abs_corr": 0.34551244928051367,
          "height_lap_std": 0.036209918558597565,
          "height_scale": 3.5805816650390625
        },
        {
          "name": "two-frame height-field D oracle init",
          "renderer_recon_mae": 0.0023533509811386466,
          "T_mae": 0.10031548887491226,
          "T_lum_mae": 0.19661693274974823,
          "B_mae": 0.1485883593559265,