{
  "size": 700,
  "n_samples": 17,
  "counts": {
    "cathedral-amber": 2,
    "cathedral-green": 7,
    "dark-opaque": 2,
    "streaky-mix": 4,
    "wispy-white": 2
  },
  "skipped": [
    [
      "streaky-mix__seed44__light4062",
      "no meta"
    ]
  ],
  "per_recipe": {
    "cathedral-amber": {
      "n": 2,
      "T_mae": 0.15899396206179928,
      "T_p95": 0.44196090683531764,
      "h_mae": 0.0878305991911002,
      "h_p95": 0.091554874269654,
      "T_mean_ext": [
        0.7792359647192714,
        0.716823311610847,
        0.2568441973192537
      ],
      "T_mean_gt": [
        0.8728117906014203,
        0.6962922297961507,
        0.3101136445014241
      ],
      "h_mean_ext": 0.06375965503461867,
      "h_mean_gt": 0.15159025422571887
    },
    "cathedral-green": {
      "n": 7,
      "T_mae": 0.1630722451813452,
      "T_p95": 0.41465746022589817,
      "h_mae": 0.08391443064691462,
      "h_p95": 0.09153644625366433,
      "T_mean_ext": [
        0.4225416672014086,
        0.7881267818080685,
        0.41928907476943156
      ],
      "T_mean_gt": [
        0.41908436429610096,
        0.7605422327634415,
        0.47943480810954947
      ],
      "h_mean_ext": 0.06767584947006101,
      "h_mean_gt": 0.15159028011697565
    },
    "dark-opaque": {
      "n": 2,
      "T_mae": 0.12405093882597326,
      "T_p95": 0.15810718109434993,
      "h_mae": 0.24325394690679197,
      "h_p95": 0.31700464635420866,
      "T_mean_ext": [
        0.07538005109230828,
        0.07948662916097962,
        0.059537350777334366
      ],
      "T_mean_gt": [
        0.18990354587910735,
        0.20643974557582567,
        0.1902135560536447
      ],
      "h_mean_ext": 0.34079440507426306,
      "h_mean_gt": 0.5840483519810551
    },
    "streaky-mix": {
      "n": 4,
      "T_mae": 0.12731674773745383,
      "T_p95": 0.32432386732813373,
      "h_mae": 0.35237735643070617,
      "h_p95": 0.7044345577734816,
      "T_mean_ext": [
        0.7707341433663173,
        0.7835934742803407,
        0.780682519640536
      ],
      "T_mean_gt": [
        0.6434543481969724,
        0.7693150643492186,
        0.9152021000592434
      ],
      "h_mean_ext": 0.6316243835376347,
      "h_mean_gt": 0.38905434310769627
    },
    "wispy-white": {
      "n": 2,
      "T_mae": 0.14710834586013036,
      "T_p95": 0.2835990992181642,
      "h_mae": 0.10755607784237378,
      "h_p95": 0.199851774703928,
      "T_mean_ext": [
        0.7504235625682287,
        0.7486471983533891,
        0.7465771846430731
      ],
      "T_mean_gt": [
        0.8644499491634736,
        0.8724320541999426,
        0.8854872788390025
      ],
      "h_mean_ext": 0.9341946196040309,
      "h_mean_gt": 0.8457456619388395
    }
  },
  "per_sample": [
    {
      "sample": "cathedral-amber__seed43__light2358",
      "class_label": "cathedral-amber",
      "glass_class": "cathedral-clear",
      "size": [
        700,
        700
      ],
      "mark_frac": 0.002204081632653061,
      "T_mae": 0.18238318802542414,
      "T_p95": 0.5954906050734878,
      "h_mae": 0.0869369831300802,
      "h_p95": 0.0915512921805184,
      "T_mean_ext": [
        0.6891156415404617,
        0.6925125631610584,
        0.32192946144669243
      ],
      "T_mean_gt": [
        0.8726814969799908,
        0.6961867204071759,
        0.31006201535449923
      ],
      "h_mean_ext": 0.06465326817291542,
      "h_mean_gt": 0.1515902513029956,
      "T_anchor_k": 0.95,
      "T_raw_p99": 1.4674114892363868
    },
    {
      "sample": "cathedral-amber__seed43__light6158",
      "class_label": "cathedral-amber",
      "glass_class": "cathedral-clear",
      "size": [
        700,
        700
      ],
      "mark_frac": 0.0031081632653061223,
      "T_mae": 0.1356047360981744,
      "T_p95": 0.2884312085971474,
      "h_mae": 0.08872421525212018,
      "h_p95": 0.09155845635878959,
      "T_mean_ext": [
        0.8693562878980811,
        0.7411340600606356,
        0.19175893319181497
      ],
      "T_mean_gt": [
        0.8729420842228499,
        0.6963977391851255,
        0.310165273648349
      ],
      "h_mean_ext": 0.0628660418963219,
      "h_mean_gt": 0.1515902571484421,
      "T_anchor_k": 0.95,
      "T_raw_p99": 1.4193431332142146
    },
    {
      "sample": "cathedral-green__seed42__light0409",
      "class_label": "cathedral-green",
      "glass_class": "cathedral-clear",
      "size": [
        700,
        700
      ],
      "mark_frac": 0.0,
      "T_mae": 0.14022372458284632,
      "T_p95": 0.32950623727887335,
      "h_mae": 0.08221896541216583,
      "h_p95": 0.0913927780018585,
      "T_mean_ext": [
        0.4119849682767437,
        0.8069634040598376,
        0.5140163862909032
      ],
      "T_mean_gt": [
        0.4178757940884756,
        0.7584691997965988,
        0.47807518426891493
      ],
      "h_mean_ext": 0.06937133789204782,
      "h_mean_gt": 0.15159030330421366,
      "T_anchor_k": 0.95,
      "T_raw_p99": 1.2118413269428536
    },
    {
      "sample": "cathedral-green__seed42__light3611",
      "class_label": "cathedral-green",
      "glass_class": "cathedral-clear",
      "size": [
        700,
        700
      ],
      "mark_frac": 0.0,
      "T_mae": 0.14639042895453566,
      "T_p95": 0.34245443593350267,
      "h_mae": 0.08285494067953757,
      "h_p95": 0.09142773445297994,
      "T_mean_ext": [
        0.41768576911013966,
        0.7715214863643359,
        0.43705689209245807
      ],
      "T_mean_gt": [
        0.4197652967504701,
        0.7617096930334762,
        0.480200171971686
      ],
      "h_mean_ext": 0.06873536242326714,
      "h_mean_gt": 0.1515903031028047,
      "T_anchor_k": 0.95,
      "T_raw_p99": 1.1898744463643873
    },
    {
      "sample": "cathedral-green__seed42__light4506",
      "class_label": "cathedral-green",
      "glass_class": "cathedral-clear",
      "size": [
        700,
        700
      ],
      "mark_frac": 0.0,
      "T_mae": 0.20225340836757325,
      "T_p95": 0.45766329313774895,
      "h_mae": 0.08476545933503962,
      "h_p95": 0.09162452727340496,
      "T_mean_ext": [
        0.44974873645241453,
        0.7731092143479036,
        0.31254588077687623
      ],
      "T_mean_gt": [
        0.4193408208106245,
        0.7609817708349957,
        0.47972279782745303
      ],
      "h_mean_ext": 0.06682484366500788,
      "h_mean_gt": 0.1515903030000475,
      "T_anchor_k": 0.95,
      "T_raw_p99": 1.2166999942151127
    },
    {
      "sample": "cathedral-green__seed42__light7527",
      "class_label": "cathedral-green",
      "glass_class": "cathedral-clear",
      "size": [
        700,
        700
      ],
      "mark_frac": 0.0005061224489795918,
      "T_mae": 0.12161191657936035,
      "T_p95": 0.4316495172139175,
      "h_mae": 0.08230806387385992,
      "h_p95": 0.09148736549342949,
      "T_mean_ext": [
        0.41657672979085875,
        0.8161615246786099,
        0.4180585297364234
      ],
      "T_mean_gt": [
        0.41796631228836123,
        0.7586245861928409,
        0.47817714696297275
      ],
      "h_mean_ext": 0.06928221798006975,
      "h_mean_gt": 0.15159028185392967,
      "T_anchor_k": 0.95,
      "T_raw_p99": 1.1772056987225938
    },
    {
      "sample": "cathedral-green__seed43__light1262",
      "class_label": "cathedral-green",
      "glass_class": "cathedral-clear",
      "size": [
        700,
        700
      ],
      "mark_frac": 0.003987755102040817,
      "T_mae": 0.18605815846948576,
      "T_p95": 0.4583194966179777,
      "h_mae": 0.08512125540244717,
      "h_p95": 0.09167398588606387,
      "T_mean_ext": [
        0.4063027542808687,
        0.7655416025230821,
        0.4177111581383347
      ],
      "T_mean_gt": [
        0.4199041554368553,
        0.7619485952270936,
        0.480357462299102
      ],
      "h_mean_ext": 0.06646900570394895,
      "h_mean_gt": 0.15159026110639612,
      "T_anchor_k": 0.95,