{
  "aggregate": {
    "raw": {
      "mean_dE": 8.979592495300619,
      "lum_cv": 0.4067300623337866,
      "hue_std_deg": 1.4947704119378924
    },
    "quotient_alone": {
      "mean_dE": 2.4377816992369006,
      "lum_cv": 0.07254737299968426,
      "hue_std_deg": 1.1631633314853007
    },
    "classical": {
      "mean_dE": 9.300766779610427,
      "lum_cv": 0.3057055734391414,
      "hue_std_deg": 1.204881810611558
    },
    "hybrid": {
      "mean_dE": 2.449848817895232,
      "lum_cv": 0.07204980148412043,
      "hue_std_deg": 1.1588752437198107
    }
  },
  "per_piece": {
    "GT_PIECE_1": {
      "label": "orange-slice",
      "sheet": "orange",
      "raw": {
        "mean_dE_to_centroid": 7.713327077738528,
        "max_pairwise_dE": 25.079872407968907,
        "lum_cv": 0.2572747814117543,
        "hue_std_deg": 2.8122840330810326,
        "labs": [
          [
            51.76470588235294,
            32.0,
            58.0
          ],
          [
            56.07843137254902,
            28.0,
            60.0
          ],
          [
            49.80392156862745,
            26.0,
            53.0
          ],
          [
            40.3921568627451,
            29.0,
            47.0
          ],
          [
            36.07843137254902,
            30.0,
            45.0
          ],
          [
            46.666666666666664,
            30.0,
            52.0
          ],
          [
            52.94117647058823,
            36.0,
            59.0
          ],
          [
            51.372549019607845,
            36.0,
            58.0
          ],
          [
            47.05882352941176,
            35.0,
            54.0
          ]
        ]
      },
      "quotient_alone": {
        "mean_dE_to_centroid": 2.542094674417292,
        "max_pairwise_dE": 7.452270270188192,
        "lum_cv": 0.038050275046902116,
        "hue_std_deg": 1.9230913586337557,
        "labs": [
          [
            46.666666666666664,
            30.0,
            53.0
          ],
          [
            46.27450980392157,
            27.0,
            52.0
          ],
          [
            46.27450980392157,
            28.0,
            51.0
          ],
          [
            45.88235294117647,
            33.0,
            52.0
          ],
          [
            43.92156862745098,
            34.0,
            51.0
          ],
          [
            46.666666666666664,
            31.0,
            53.0
          ],
          [
            47.05882352941176,
            33.0,
            54.0
          ],
          [
            45.88235294117647,
            34.0,
            53.0
          ],
          [
            45.490196078431374,
            33.0,
            53.0
          ]
        ]
      },
      "classical": {
        "mean_dE_to_centroid": 4.770380494426926,
        "max_pairwise_dE": 14.809958514573335,
        "lum_cv": 0.13579039004912363,
        "hue_std_deg": 1.8016408895221903,
        "labs": [
          [
            60.78431372549019,
            37.0,
            66.0
          ],
          [
            62.745098039215684,
            36.0,
            67.0
          ],
          [
            57.64705882352941,
            35.0,
            62.0
          ],
          [
            52.94117647058823,
            37.0,
            58.0
          ],
          [
            51.372549019607845,
            39.0,
            58.0
          ],
          [
            57.64705882352941,
            39.0,
            62.0
          ],
          [
            60.78431372549019,
            40.0,
            65.0
          ],
          [
            60.0,
            42.0,
            66.0
          ],
          [
            58.431372549019606,
            41.0,
            64.0
          ]
        ]
      },
      "hybrid": {
        "mean_dE_to_centroid": 1.936236247271675,
        "max_pairwise_dE": 6.748061364564699,
        "lum_cv": 0.036670182511976825,
        "hue_std_deg": 1.694671311483776,
        "labs": [
          [
            46.27450980392157,
            30.0,
            53.0
          ],
          [
            45.88235294117647,
            28.0,
            53.0
          ],
          [
            45.490196078431374,
            30.0,
            52.0
          ],
          [
            45.09803921568627,
            33.0,
            51.0
          ],
          [
            43.529411764705884,
            34.0,
            51.0
          ],
          [
            45.88235294117647,
            32.0,
            52.0
          ],
          [
            46.27450980392157,
            32.0,
            53.0
          ],
          [
            45.490196078431374,
            33.0,
            53.0
          ],
          [
            45.09803921568627,
            33.0,
            53.0
          ]
        ]
      }
    },
    "GT_PIECE_2": {
      "label": "leaf-R",
      "sheet": "green",
      "raw": {
        "mean_dE_to_centroid": 9.680138037749943,
        "max_pairwise_dE": 38.77866292425517,
        "lum_cv": 0.48617715252702354,
        "hue_std_deg": 1.1528161105742842,
        "labs": [
          [
            38.431372549019606,
            -41.0,
            32.0
          ],
          [
            54.11764705882353,
            -48.0,
            35.0
          ],
          [
            50.588235294117645,
            -41.0,
            29.0
          ],
          [
            28.235294117647058,
            -32.0,
            25.0
          ],
          [
            23.137254901960784,
            -28.0,
            23.0
          ],
          [
            34.509803921568626,
            -36.0,
            27.0
          ],
          [
            43.13725490196078,
            -44.0,
            33.0
          ],
          [
            40.0,
            -42.0,
            31.0
          ],
          [
            36.07843137254902,
            -39.0,
            29.0
          ]
        ]
      },
      "quotient_alone": {
        "mean_dE_to_centroid": 2.4295346501910324,
        "max_pairwise_dE": 7.31141213479614,
        "lum_cv": 0.07637529508975467,
        "hue_std_deg": 0.967986186035412,
        "labs": [
          [
            39.21568627450981,
            -42.0,
            32.0
          ],
          [
            41.96078431372549,
            -40.0,
            30.0
          ],
          [
            42.745098039215684,
            -38.0,
            27.0
          ],
          [
            39.6078431372549,
            -39.0,
            31.0
          ],
          [
            37.64705882352941,
            -38.0,
            30.0
          ],
          [
            41.1764705882353,
            -41.0,
            31.0
          ],
          [
            41.1764705882353,
            -43.0,
            31.0
          ],
          [
            40.0,
            -42.0,
            31.0
          ],
          [
            40.3921568627451,
            -42.0,
            32.0
          ]
        ]
      },
      "classical": {
        "mean_dE_to_centroid": 10.378174191119754,
        "max_pairwise_dE": 36.93387484560902,
        "lum_cv": 0.3495466433887705,
        "hue_std_deg": 1.149279851331303,