{
  "cathedral-amber": {
    "raw": 0.15643936327824337,
    "quotient_alone": 0.15532687549264146,
    "classical": 0.23612278187518676,
    "hybrid": 0.17173396229921511
  },
  "cathedral-blue": {
    "raw": 0.07813761496807214,
    "quotient_alone": 0.06903117608665059,
    "classical": 0.1566310510459134,
    "hybrid": 0.12963209138593512
  },
  "cathedral-green": {
    "raw": 0.1464608680070098,
    "quotient_alone": 0.10323107329798736,
    "classical": 0.13404982211952943,
    "hybrid": 0.19799266158349588
  },
  "cathedral-red": {
    "raw": 0.08699157682736872,
    "quotient_alone": 0.08035246353460361,
    "classical": 0.12686530464075346,
    "hybrid": 0.1646083825261141
  },
  "dark-deep": {
    "raw": 0.014365190162699694,
    "quotient_alone": 0.012635389866739503,
    "classical": 0.051861728277615746,
    "hybrid": 0.05638808417891887
  },
  "dark-opaque": {
    "raw": 0.028869433424976776,
    "quotient_alone": 0.029611517484279662,
    "classical": 0.040402865541056904,
    "hybrid": 0.05005652291374367
  },
  "dark-ruby": {
    "raw": 0.01870872889877437,
    "quotient_alone": 0.018538936587271966,
    "classical": 0.011778496650568161,
    "hybrid": 0.03482947608703978
  },
  "dark-slate": {
    "raw": 0.044491413159186866,
    "quotient_alone": 0.028326495635801644,
    "classical": 0.039608431965888105,
    "hybrid": 0.02570681929478274
  },
  "dark-textured": {
    "raw": 0.0338824555276751,
    "quotient_alone": 0.02357005426934839,
    "classical": 0.03639465926703611,
    "hybrid": 0.052136442769244305
  },
  "saturated-opalescent": {
    "raw": 0.08483827210355502,
    "quotient_alone": 0.08964887522661594,
    "classical": 0.07024784246694149,
    "hybrid": 0.18977500353559157
  },
  "streaky-fine-texture": {
    "raw": 0.08294225605732167,
    "quotient_alone": 0.068219804160066,
    "classical": 0.08953713844534164,
    "hybrid": 0.26761001410685287
  },
  "streaky-mix": {
    "raw": 0.2176524603128389,
    "quotient_alone": 0.22144239456832424,
    "classical": 0.1163657783908006,
    "hybrid": 0.31272566491275583
  },
  "wispy-white": {
    "raw": 0.23632754198833217,
    "quotient_alone": 0.1601879478995755,
    "classical": 0.10215402483860991,
    "hybrid": 0.27312567739144683
  }
}