{
  "amber": {
    "classical_h_mean": 0.060011998866324925,
    "classical_T_mean_rgb": [
      0.6619282563074554,
      0.27289651521791924,
      0.011976871697404955
    ],
    "hybrid_h_mean": 0.060000375319673546,
    "hybrid_T_mean_rgb": [
      0.4174693142449626,
      0.1709044671664341,
      0.007229268575091142
    ]
  },
  "black": {
    "classical_h_mean": 0.2615094690893796,
    "classical_T_mean_rgb": [
      0.038390895503970845,
      0.045288988162880184,
      0.033312517249552295
    ],
    "hybrid_h_mean": 0.593227567252864,
    "hybrid_T_mean_rgb": [
      0.02271134210468449,
      0.02831197532852553,
      0.021781288355714197
    ]
  },
  "blue": {
    "classical_h_mean": 0.06000441646323208,
    "classical_T_mean_rgb": [
      0.023224447487986175,
      0.09865630102471198,
      0.6618847228584698
    ],
    "hybrid_h_mean": 0.06000000169001231,
    "hybrid_T_mean_rgb": [
      0.014079864685502283,
      0.049161993692936216,
      0.30232757410454253
    ]
  },
  "green": {
    "classical_h_mean": 0.06001495043901754,
    "classical_T_mean_rgb": [
      0.023135407783482418,
      0.41706763641869155,
      0.06393547524552261
    ],
    "hybrid_h_mean": 0.060000000082985845,
    "hybrid_T_mean_rgb": [
      0.021961285258172213,
      0.3309091645681154,
      0.05180467062770793
    ]
  },
  "orange": {
    "classical_h_mean": 0.06000643320604656,
    "classical_T_mean_rgb": [
      0.7752394191812337,
      0.16954980786107163,
      0.006373479983783644
    ],
    "hybrid_h_mean": 0.06000000104526348,
    "hybrid_T_mean_rgb": [
      0.44214942925277645,
      0.09851406904958905,
      0.003968633284956458
    ]
  },
  "pink": {
    "classical_h_mean": 0.06002858745956646,
    "classical_T_mean_rgb": [
      0.528991907840809,
      0.08682239412844536,
      0.14260740899078372
    ],
    "hybrid_h_mean": 0.06000000159404729,
    "hybrid_T_mean_rgb": [
      0.27391257147705517,
      0.046070278698959896,
      0.0751113507434046
    ]
  },
  "red": {
    "classical_h_mean": 0.060004028004218314,
    "classical_T_mean_rgb": [
      0.700047822197153,
      0.009130759975172424,
      0.023771394408906216
    ],
    "hybrid_h_mean": 0.06000000020064762,
    "hybrid_T_mean_rgb": [
      0.3261767074338825,
      0.005238768624845729,
      0.0119609061798675
    ]
  },
  "turquoise": {
    "classical_h_mean": 0.060024202827608696,
    "classical_T_mean_rgb": [
      0.028867542607578896,
      0.346556396489815,
      0.32931871165935134
    ],
    "hybrid_h_mean": 0.06000001216702522,
    "hybrid_T_mean_rgb": [
      0.019317817629474973,
      0.22681385438832644,
      0.21622042361666022
    ]
  },
  "white": {
    "classical_h_mean": 0.4675210201595415,
    "classical_T_mean_rgb": [
      0.5362497513227017,
      0.5575234349005991,
      0.5810969413049661
    ],
    "hybrid_h_mean": 0.4432797313916596,
    "hybrid_T_mean_rgb": [
      0.4088547575752053,
      0.43219611058764434,
      0.45130166262478555
    ]
  }
}