{
  "case": "seed82",
  "claim": "A weak mean material prior may resolve the remaining T/B scale-color ambiguity after curl regularization.",
  "config": {
    "out": "research/delighting/results/differentiable_sheet_curl_scale_prior_sweep",
    "size": 144,
    "seed": 82,
    "ambient": 0.12,
    "leak": 0.88,
    "max_disp": 10.0,
    "shift_x": 19.0,
    "shift_y": -11.0,
    "t_low_res": 26,
    "disp_low_res": 54,
    "b_low_res": 72,
    "steps_motion": 1200,
    "lr_t": 0.08,
    "lr_d": 0.05,
    "lr_b": 0.035,
    "t_tv": 0.01,
    "b_tv": 0.0015,
    "disp_tv": 0.004,
    "disp_lap": 0.004,
    "disp_mag": 0.001,
    "curl_weight": 0.3,
    "prior_weight": 0.25,
    "prior_modes": "none,luma-oracle,rgb-oracle,rgb-bright-biased,rgb-chroma-biased",
    "log_every": 450,
    "sweep": true,
    "sweep_seeds": "81,82,83,84",
    "cpu": false,
    "device": "mps",
    "elapsed_s": 56.22190833091736,
    "shifts": [
      [
        0.0,
        0.0
      ],
      [
        19.0,
        -11.0
      ]
    ]
  },
  "gt_mean_rgb": [
    0.03001343458890915,
    0.5592084527015686,
    0.12534677982330322
  ],
  "gt_mean_luma": 0.41537579894065857,
  "metrics": [
    {
      "name": "none",
      "renderer_recon_mae": 0.0022758650593459606,
      "T_mae": 0.0987052470445633,
      "T_lum_mae": 0.19210343062877655,
      "B_mae": 0.15623056888580322,
      "preview_lum_cv": 0.1631300944337395,
      "T_highfreq_corr_with_bg": 0.005241938192462337,
      "disp_epe_px": 2.6764638423919678,
      "disp_corr_x": 0.6311739589432457,
      "disp_corr_y": 0.494578742282059,
      "curl_abs": 0.002367886947467923,
      "mean_rgb_mae": 0.09822791814804077,
      "mean_luma_abs": 0.19210344552993774,
      "prior_mode": "none"
    },
    {
      "name": "luma-oracle",
      "renderer_recon_mae": 0.0022042719647288322,
      "T_mae": 0.017185822129249573,
      "T_lum_mae": 0.02013445273041725,
      "B_mae": 0.051632240414619446,
      "preview_lum_cv": 0.061706984162789774,
      "T_highfreq_corr_with_bg": -0.04258214677268206,
      "disp_epe_px": 2.428924083709717,
      "disp_corr_x": 0.7325319095138279,
      "disp_corr_y": 0.6667050090741133,
      "curl_abs": 0.002542122732847929,
      "mean_rgb_mae": 0.00769243435934186,
      "mean_luma_abs": 0.0012083649635314941,
      "prior_mode": "luma-oracle"
    },
    {
      "name": "rgb-oracle",
      "renderer_recon_mae": 0.0021812657359987497,
      "T_mae": 0.013721680268645287,
      "T_lum_mae": 0.021092450246214867,
      "B_mae": 0.04012594372034073,
      "preview_lum_cv": 0.062050590494711004,
      "T_highfreq_corr_with_bg": -0.05086444532412017,
      "disp_epe_px": 2.55305814743042,
      "disp_corr_x": 0.694667971450311,
      "disp_corr_y": 0.603077388239729,
      "curl_abs": 0.0024868566542863846,
      "mean_rgb_mae": 0.0005432001198641956,
      "mean_luma_abs": 0.0002525746822357178,
      "prior_mode": "rgb-oracle"
    },
    {
      "name": "rgb-bright-biased",
      "renderer_recon_mae": 0.002224214840680361,
      "T_mae": 0.030843358486890793,
      "T_lum_mae": 0.049188800156116486,
      "B_mae": 0.057394661009311676,
      "preview_lum_cv": 0.06394504442066296,
      "T_highfreq_corr_with_bg": 0.09019146560088598,
      "disp_epe_px": 2.5863254070281982,
      "disp_corr_x": 0.7050457102283983,
      "disp_corr_y": 0.5672016692050338,
      "curl_abs": 0.002498654183000326,
      "mean_rgb_mae": 0.029905954375863075,
      "mean_luma_abs": 0.047972917556762695,
      "prior_mode": "rgb-bright-biased"
    },
    {
      "name": "rgb-chroma-biased",
      "renderer_recon_mae": 0.0023226129123941064,
      "T_mae": 0.029896991327404976,
      "T_lum_mae": 0.035873834043741226,
      "B_mae": 0.06947566568851471,
      "preview_lum_cv": 0.06566884356867503,
      "T_highfreq_corr_with_bg": -0.053082289891257524,
      "disp_epe_px": 2.5824053287506104,
      "disp_corr_x": 0.6853821063946498,
      "disp_corr_y": 0.5945191329461718,
      "curl_abs": 0.002493588486686349,
      "mean_rgb_mae": 0.027439318597316742,
      "mean_luma_abs": 0.029745638370513916,
      "prior_mode": "rgb-chroma-biased"
    }
  ],
  "logs": {
    "none": [
      {
        "step": 0,
        "loss": 0.02278893254697323,
        "recon": 0.02273654192686081,
        "curl": 0.0,
        "prior": 0.0,
        "disp_abs": 0.0
      },
      {
        "step": 450,
        "loss": 0.0034801168367266655,
        "recon": 0.0024028802290558815,
        "curl": 0.002405056729912758,
        "prior": 0.0,
        "disp_abs": 1.0667493343353271
      },
      {
        "step": 900,
        "loss": 0.003383136820048094,
        "recon": 0.0023080608807504177,
        "curl": 0.002353402553126216,
        "prior": 0.0,
        "disp_abs": 1.189110517501831
      },
      {
        "step": 1199,
        "loss": 0.00336272781714797,
        "recon": 0.0022805333137512207,
        "curl": 0.002367886947467923,
        "prior": 0.0,
        "disp_abs": 1.227782964706421
      }
    ],
    "luma-oracle": [
      {
        "step": 0,
        "loss": 0.08675099164247513,
        "recon": 0.02273654192686081,
        "curl": 0.0,
        "prior": 0.255848228931427,
        "disp_abs": 0.0
      },
      {
        "step": 450,
        "loss": 0.003984417300671339,
        "recon": 0.002520177513360977,
        "curl": 0.0026318239979445934,
        "prior": 0.0012956857681274414,
        "disp_abs": 1.1637853384017944
      },
      {
        "step": 900,
        "loss": 0.0033504883758723736,
        "recon": 0.0022009313106536865,
        "curl": 0.0025189248844981194,
        "prior": 0.00013300776481628418,
        "disp_abs": 1.3244566917419434
      },
      {
        "step": 1199,
        "loss": 0.0036551980301737785,
        "recon": 0.0022234180942177773,
        "curl": 0.002542122732847929,
        "prior": 0.0012160837650299072,
        "disp_abs": 1.3696504831314087
      }
    ],
    "rgb-oracle": [
      {
        "step": 0,
        "loss": 0.059041015803813934,
        "recon": 0.02273654192686081,
        "curl": 0.0,
        "prior": 0.14500834047794342,
        "disp_abs": 0.0
      },
      {
        "step": 450,
        "loss": 0.003778607351705432,
        "recon": 0.002384303603321314,
        "curl": 0.0024552347604185343,
        "prior": 0.0012297555804252625,
        "disp_abs": 1.1492787599563599
      },
      {
        "step": 900,
        "loss": 0.00356926117092371,
        "recon": 0.0022766110487282276,
        "curl": 0.002483349060639739,
        "prior": 0.0007640098338015378,
        "disp_abs": 1.281800627708435
      },
      {
        "step": 1199,
        "loss": 0.003453845391049981,
        "recon": 0.002162833930924535,
        "curl": 0.0024868566542863846,
        "prior": 0.0007400413160212338,
        "disp_abs": 1.3147958517074585
      }
    ],
    "rgb-bright-biased": [
      {
        "step": 0,
        "loss": 0.06680461764335632,
        "recon": 0.02273654192686081,
        "curl": 0.0,
        "prior": 0.17606274783611298,
        "disp_abs": 0.0
      },
      {
        "step": 450,
        "loss": 0.0038056294433772564,
        "recon": 0.0024826517328619957,
        "curl": 0.002537539228796959,
        "prior": 0.0008025914430618286,
        "disp_abs": 1.1904751062393188
      },
      {
        "step": 900,
        "loss": 0.0035247683990746737,
        "recon": 0.002226922893896699,
        "curl": 0.0024594792630523443,
        "prior": 0.0008004630799405277,
        "disp_abs": 1.3354434967041016
      },
      {
        "step": 1199,
        "loss": 0.0039347633719444275,
        "recon": 0.0023096040822565556,
        "curl": 0.002498654183000326,
        "prior": 0.0020573437213897705,
        "disp_abs": 1.394602656364441
      }
    ],
    "rgb-chroma-biased": [
      {
        "step": 0,
        "loss": 0.05827746540307999,
        "recon": 0.02273654192686081,
        "curl": 0.0,
        "prior": 0.14195413887500763,