{
  "cathedral-green": {
    "recipe": "cathedral-green",
    "glass_class": "cathedral-clear",
    "L_mean": [
      0.2896979513432227,
      0.2896979513432227,
      0.2896979513432227
    ],
    "T_mae_vs_authored": 0.1335628131897749,
    "variants": {
      "rot135_evm1": {
        "ev2": -1.0,
        "gEV": 0.5,
        "I2_hat": [
          0.14484897567161134,
          0.14484897567161134,
          0.14484897567161134
        ],
        "raw_honest_mae255": 16.19240295612442,
        "relit_honest_mae255": 20.396508070741287,
        "raw_oracle_gain_mae255": 15.097415383152695,
        "relit_oracle_gain_mae255": 17.989731954642423,
        "oracle_g_relit": [
          0.1832053244656627,
          0.1836471496483085,
          0.18378881055749885
        ]
      },
      "rot90_evp1": {
        "ev2": 1.0,
        "gEV": 2.0,
        "I2_hat": [
          0.5793959026864454,
          0.5793959026864454,
          0.5793959026864454
        ],
        "raw_honest_mae255": 15.362553918256504,
        "relit_honest_mae255": 18.049932205980184,
        "raw_oracle_gain_mae255": 13.513935843491888,
        "relit_oracle_gain_mae255": 17.554812996104395,
        "oracle_g_relit": [
          0.5259915902636338,
          0.5805539689414337,
          0.6185867162886096
        ]
      }
    },
    "assembly_control_IBL1": {
      "raw_copy_vs_C_mae255": 0.04211096710226593,
      "relit_vs_C_mae255": 7.505565117685427,
      "note": "raw-copy vs C ~ pure compositing-geometry error (should be tiny); relit vs C adds extractor error + the intentional envelope flattening under matched lighting"
    },
    "drag": {
      "n_positions": 9,
      "raw": {
        "lum_cv": 0.2920667099569539,
        "lab_dE": 9.841454636078844
      },
      "relit": {
        "lum_cv": 0.1401760469350276,
        "lab_dE": 10.334400266752054
      },
      "grain_floor": {
        "lum_cv": 0.008509419480854341,
        "lab_dE": 0.2816975786960384
      }
    },
    "uniform": {
      "strength": 1.0,
      "r_scalar": 3.4518711484267266,
      "raw_honest_mae255": 35.6256663648355,
      "relit_honest_mae255": 26.39412788262153,
      "relit_oracle_input_mae255": 30.339814322961878,
      "T_mae_vs_authored_from_AU": 0.18181553604432582,
      "drag": {
        "n_positions": 9,
        "raw": {
          "lum_cv": 0.2920667122255336,
          "lab_dE": 19.215127471533926
        },
        "relit": {
          "lum_cv": 0.14017604809607814,
          "lab_dE": 19.783902252207465
        },
        "grain_floor": {
          "lum_cv": 0.008509419480854341,
          "lab_dE": 0.2816975786960384
        }
      }
    }
  },
  "wispy-white": {
    "recipe": "wispy-white",
    "glass_class": "wispy",
    "L_mean": [
      0.27938808935180365,
      0.3069833902203402,
      0.255225515896812
    ],
    "T_mae_vs_authored": 0.03615398069889893,
    "variants": {
      "rot135_evm1": {
        "ev2": -1.0,
        "gEV": 0.5,
        "I2_hat": [
          0.13969404467590182,
          0.1534916951101701,
          0.127612757948406
        ],
        "raw_honest_mae255": 22.966470506120853,
        "relit_honest_mae255": 24.058777328005554,
        "raw_oracle_gain_mae255": 4.338534157865002,
        "relit_oracle_gain_mae255": 5.975675365432208,
        "oracle_g_relit": [
          0.23644772654920196,
          0.24071867033496372,
          0.2044004358819579
        ]
      },
      "rot90_evp1": {
        "ev2": 1.0,
        "gEV": 2.0,
        "I2_hat": [
          0.5587761787036073,
          0.6139667804406804,
          0.510451031793624
        ],
        "raw_honest_mae255": 4.568005175365546,
        "relit_honest_mae255": 11.254864812203573,
        "raw_oracle_gain_mae255": 3.187609673108737,
        "relit_oracle_gain_mae255": 10.59627023192523,
        "oracle_g_relit": [
          0.5496391146332688,
          0.6249025235196084,
          0.5926311856813845
        ]
      }
    },
    "assembly_control_IBL1": {
      "raw_copy_vs_C_mae255": 0.12988150244967916,
      "relit_vs_C_mae255": 7.632910417279595,
      "note": "raw-copy vs C ~ pure compositing-geometry error (should be tiny); relit vs C adds extractor error + the intentional envelope flattening under matched lighting"
    },
    "drag": {
      "n_positions": 9,
      "raw": {
        "lum_cv": 0.1414748227915642,
        "lab_dE": 5.3010376695020085
      },
      "relit": {
        "lum_cv": 0.05019679565738549,
        "lab_dE": 1.0059055572807578
      },
      "grain_floor": {
        "lum_cv": 0.027294476314729164,
        "lab_dE": 0.9178320448371975
      }
    },
    "uniform": {
      "strength": 1.0,
      "r_scalar": 3.362704192383551,
      "raw_honest_mae255": 16.569112648584625,
      "relit_honest_mae255": 6.80710650081308,
      "relit_oracle_input_mae255": 1.5639807475693863,
      "T_mae_vs_authored_from_AU": 0.03462270655317733,
      "drag": {
        "n_positions": 9,
        "raw": {
          "lum_cv": 0.1414748237591751,
          "lab_dE": 10.044286440718441
        },
        "relit": {
          "lum_cv": 0.05003842402745749,
          "lab_dE": 1.9100234890223244
        },
        "grain_floor": {
          "lum_cv": 0.027294476314729164,
          "lab_dE": 0.9178320448371975
        }
      }
    }
  }
}