{
  "cases": [
    {
      "case": "seed61",
      "seed": 61,
      "metrics": [
        {
          "name": "two-frame free-flow D",
          "renderer_recon_mae": 0.002093622228130698,
          "T_mae": 0.1018366813659668,
          "T_lum_mae": 0.19452030956745148,
          "B_mae": 0.16910037398338318,
          "preview_lum_cv": 0.14376276603287294,
          "T_highfreq_corr_with_bg": 0.11336366650886229,
          "disp_epe_px": 3.496910572052002,
          "disp_corr_x": 0.32877718707166875,
          "disp_corr_y": 0.2909680648646467,
          "height_corr": 0.0,
          "height_abs_corr": 0.0,
          "height_lap_std": 0.0,
          "height_scale": 0.0
        },
        {
          "name": "height-field from projected free-flow",
          "renderer_recon_mae": 0.0027156996075063944,
          "T_mae": 0.1025819331407547,
          "T_lum_mae": 0.19665467739105225,
          "B_mae": 0.1686248630285263,
          "preview_lum_cv": 0.15706560115657525,
          "T_highfreq_corr_with_bg": 0.04959533518881492,
          "disp_epe_px": 3.039979934692383,
          "disp_corr_x": 0.5003660896289244,
          "disp_corr_y": 0.36791522503446245,
          "height_corr": 0.3151891362203205,
          "height_abs_corr": 0.3151891362203205,
          "height_lap_std": 0.01540704257786274,
          "height_scale": 1.456367015838623
        },
        {
          "name": "height-field oracle init",
          "renderer_recon_mae": 0.002549699624069035,
          "T_mae": 0.09961950778961182,
          "T_lum_mae": 0.19215035438537598,
          "B_mae": 0.1528376191854477,
          "preview_lum_cv": 0.16011447972490622,
          "T_highfreq_corr_with_bg": 0.005309839868051058,
          "disp_epe_px": 2.5194547176361084,
          "disp_corr_x": 0.6868480819133169,
          "disp_corr_y": 0.6269858219280655,
          "height_corr": 0.681808433913162,
          "height_abs_corr": 0.681808433913162,
          "height_lap_std": 0.015049736015498638,
          "height_scale": 1.7141414880752563
        }
      ],
      "config": {
        "out": "research/delighting/results/differentiable_sheet_integrable_projection_sweep",
        "size": 144,
        "seed": 61,
        "ambient": 0.12,
        "leak": 0.88,
        "max_disp": 10.0,
        "shift_x": 19.0,
        "shift_y": -11.0,
        "t_low_res": 26,
        "disp_low_res": 54,
        "b_low_res": 72,
        "height_low_res": 54,
        "steps_motion": 1200,
        "steps_height": 1400,
        "lr_t": 0.08,
        "lr_d": 0.05,
        "lr_b": 0.035,
        "lr_h": 0.055,
        "lr_scale": 0.02,
        "t_tv": 0.01,
        "b_tv": 0.0015,
        "disp_tv": 0.004,
        "disp_lap": 0.004,
        "disp_mag": 0.001,
        "height_tv": 0.01,
        "height_lap": 0.018,
        "height_scale_max": 18.0,
        "height_scale_logit": 0.0,
        "log_every": 450,
        "sweep": true,
        "sweep_seeds": "61,62,63,64",
        "cpu": false,
        "device": "mps",
        "elapsed_s": 9.15592908859253,
        "shifts": [
          [
            0.0,
            0.0
          ],
          [
            19.0,
            -11.0
          ]
        ],
        "projected_scale_init": 1.4725060113269948,
        "oracle_scale_init": 2.8789010374774064
      }
    },
    {
      "case": "seed62",
      "seed": 62,
      "metrics": [
        {
          "name": "two-frame free-flow D",
          "renderer_recon_mae": 0.00193802232388407,
          "T_mae": 0.10039548575878143,
          "T_lum_mae": 0.19145198166370392,
          "B_mae": 0.1649618297815323,
          "preview_lum_cv": 0.142500344064237,
          "T_highfreq_corr_with_bg": 0.10121580277100439,
          "disp_epe_px": 3.698976755142212,
          "disp_corr_x": 0.432243725992221,
          "disp_corr_y": 0.21139631270533216,
          "height_corr": 0.0,
          "height_abs_corr": 0.0,
          "height_lap_std": 0.0,
          "height_scale": 0.0
        },
        {
          "name": "height-field from projected free-flow",
          "renderer_recon_mae": 0.002460636547766626,
          "T_mae": 0.09799693524837494,
          "T_lum_mae": 0.1880718469619751,
          "B_mae": 0.15361958742141724,
          "preview_lum_cv": 0.1472584693157382,
          "T_highfreq_corr_with_bg": 0.07624294328486866,
          "disp_epe_px": 3.1075069904327393,
          "disp_corr_x": 0.5059023973298363,
          "disp_corr_y": 0.4892287743773822,
          "height_corr": 0.24591528640053945,
          "height_abs_corr": 0.24591528640053945,
          "height_lap_std": 0.014159854501485825,
          "height_scale": 1.5800340175628662
        },
        {
          "name": "height-field oracle init",
          "renderer_recon_mae": 0.002340956241823733,
          "T_mae": 0.0933072566986084,
          "T_lum_mae": 0.18016459047794342,
          "B_mae": 0.1359756886959076,
          "preview_lum_cv": 0.1493161241560983,
          "T_highfreq_corr_with_bg": 0.1025048989068209,
          "disp_epe_px": 2.2832753658294678,
          "disp_corr_x": 0.7664205317134386,
          "disp_corr_y": 0.7882369624043304,
          "height_corr": 0.7562253624000203,
          "height_abs_corr": 0.7562253624000203,
          "height_lap_std": 0.013798682019114494,
          "height_scale": 1.9239616394042969
        }
      ],
      "config": {
        "out": "research/delighting/results/differentiable_sheet_integrable_projection_sweep",
        "size": 144,
        "seed": 62,
        "ambient": 0.12,
        "leak": 0.88,
        "max_disp": 10.0,
        "shift_x": 19.0,
        "shift_y": -11.0,
        "t_low_res": 26,
        "disp_low_res": 54,
        "b_low_res": 72,
        "height_low_res": 54,
        "steps_motion": 1200,
        "steps_height": 1400,
        "lr_t": 0.08,
        "lr_d": 0.05,
        "lr_b": 0.035,
        "lr_h": 0.055,
        "lr_scale": 0.02,
        "t_tv": 0.01,
        "b_tv": 0.0015,
        "disp_tv": 0.004,
        "disp_lap": 0.004,
        "disp_mag": 0.001,
        "height_tv": 0.01,
        "height_lap": 0.018,
        "height_scale_max": 18.0,
        "height_scale_logit": 0.0,
        "log_every": 450,
        "sweep": true,
        "sweep_seeds": "61,62,63,64",
        "cpu": false,
        "device": "mps",
        "elapsed_s": 14.518889904022217,
        "shifts": [
          [
            0.0,
            0.0
          ],
          [
            19.0,
            -11.0
          ]
        ],
        "projected_scale_init": 1.7377838058325694,
        "oracle_scale_init": 2.9985489774908425
      }
    },
    {
      "case": "seed63",
      "seed": 63,
      "metrics": [
        {
          "name": "two-frame free-flow D",
          "renderer_recon_mae": 0.0019591734162531793,
          "T_mae": 0.10451678931713104,
          "T_lum_mae": 0.20029044151306152,
          "B_mae": 0.17453525960445404,
          "preview_lum_cv": 0.13366547742625406,
          "T_highfreq_corr_with_bg": 0.12872734318539075,
          "disp_epe_px": 3.6714625358581543,
          "disp_corr_x": 0.3405986561265015,
          "disp_corr_y": 0.22261642514550778,
          "height_corr": 0.0,
          "height_abs_corr": 0.0,
          "height_lap_std": 0.0,
          "height_scale": 0.0
        },
        {
          "name": "height-field from projected free-flow",
          "renderer_recon_mae": 0.00258962728548795,
          "T_mae": 0.10402395576238632,
          "T_lum_mae": 0.2001277357339859,
          "B_mae": 0.16997133195400238,
          "preview_lum_cv": 0.1437045355792654,
          "T_highfreq_corr_with_bg": 0.1080942669212557,
          "disp_epe_px": 3.132744789123535,
          "disp_corr_x": 0.4625405125066571,
          "disp_corr_y": 0.4431389588475519,
          "height_corr": 0.3584713015447147,
          "height_abs_corr": 0.3584713015447147,
          "height_lap_std": 0.01510198786854744,