{
  "before": {
    "worst": 4.285362949129917,
    "per_recipe": {
      "cathedral-amber": {
        "mean": 1.06280212421665,
        "worst": 1.1071238739153537,
        "n": 4,
        "gt_range": [
          0.9018847578763962,
          0.9026744002103806
        ],
        "pred_range": [
          0.8148512504127177,
          0.9533828463312777
        ]
      },
      "cathedral-green": {
        "mean": 1.241105082527735,
        "worst": 1.4879799374282103,
        "n": 4,
        "gt_range": [
          0.7790349721908569,
          0.7875628471374512
        ],
        "pred_range": [
          0.5239065353527896,
          0.8967367403494595
        ]
      },
      "dark-opaque": {
        "mean": 4.207790489241894,
        "worst": 4.285362949129917,
        "n": 10,
        "gt_range": [
          0.2151469886302948,
          0.21623365581035614
        ],
        "pred_range": [
          0.8769361316597462,
          0.9228409147876281
        ]
      },
      "streaky-mix": {
        "mean": 1.7784544860701452,
        "worst": 2.7026705632370165,
        "n": 4,
        "gt_range": [
          0.9216310381889343,
          0.929352433681488
        ],
        "pred_range": [
          0.34386448956190685,
          0.8698258014665972
        ]
      },
      "wispy-white": {
        "mean": 1.1140434868613251,
        "worst": 1.2961035724636933,
        "n": 4,
        "gt_range": [
          0.9489194023609161,
          0.9511544108390808
        ],
        "pred_range": [
          0.7321323870415436,
          0.9177674993994629
        ]
      }
    },
    "t_lo": 0.1
  },
  "after": {
    "worst": 3.246966668138967,
    "per_recipe": {
      "cathedral-amber": {
        "mean": 1.0510337924422184,
        "worst": 1.1074876535451121,
        "n": 4,
        "gt_range": [
          0.9018847578763962,
          0.9026744002103806
        ],
        "pred_range": [
          0.8145835938973296,
          0.9527740157520469
        ]
      },
      "cathedral-green": {
        "mean": 1.2664457414144952,
        "worst": 1.5884099244846601,
        "n": 4,
        "gt_range": [
          0.7790349721908569,
          0.7875628471374512
        ],
        "pred_range": [
          0.4907816311619897,
          0.9082588695284611
        ]
      },
      "dark-deep": {
        "mean": 2.520924415347814,
        "worst": 2.674522866562301,
        "n": 3,
        "gt_range": [
          0.05533949285745621,
          0.05534113489091396
        ],
        "pred_range": [
          0.13218471972243825,
          0.14800673907122777
        ]
      },
      "dark-opaque": {
        "mean": 1.9955425844659118,
        "worst": 3.246966668138967,
        "n": 10,
        "gt_range": [
          0.2151469886302948,
          0.21623365581035614
        ],
        "pred_range": [
          0.12776427055774664,
          0.7019144571931574
        ]
      },
      "dark-ruby": {
        "mean": 1.1850975505589165,
        "worst": 1.2804683327418485,
        "n": 3,
        "gt_range": [
          0.13151434063911438,
          0.13197319209575653
        ],
        "pred_range": [
          0.10270799931264572,
          0.13439266754304457
        ]
      },
      "dark-slate": {
        "mean": 1.9571430371036396,
        "worst": 2.2699997730750794,
        "n": 3,
        "gt_range": [
          0.31213971972465515,
          0.31223572850227355
        ],
        "pred_range": [
          0.13754879282622134,
          0.5004441468468679
        ]
      },
      "streaky-mix": {
        "mean": 1.7277933306858553,
        "worst": 3.118647017530292,
        "n": 4,
        "gt_range": [
          0.9216310381889343,
          0.929352433681488
        ],
        "pred_range": [
          0.29799859633279613,
          0.895771337990497
        ]
      },
      "wispy-white": {
        "mean": 1.167734637160572,
        "worst": 1.6316588077490923,
        "n": 4,
        "gt_range": [
          0.9489194023609161,
          0.9511544108390808
        ],
        "pred_range": [
          0.5815672969460879,
          0.9445158020027209
        ]
      }
    },
    "t_lo": 0.1
  },
  "ship": {
    "mu": [
      -1.985048383642464,
      0.23882089389662994,
      0.24162939565078864
    ],
    "sd": [
      1.1679618935440936,
      0.2211269902193346,
      0.3272587042358901
    ],
    "coef": [
      -0.6101114089430915,
      2.593937418813357,
      0.4017349135506416,
      -0.036836130298587254
    ]
  }
}