{
  "after": {
    "worst": 3.3732552318493703,
    "per_recipe": {
      "cathedral-amber": {
        "mean": 1.0583227054668587,
        "worst": 1.1011771501083687,
        "n": 4,
        "gt_range": [
          0.9018847578763962,
          0.9026744002103806
        ],
        "pred_range": [
          0.8192517188836662,
          0.9476530280700747
        ]
      },
      "cathedral-green": {
        "mean": 1.2247643085961961,
        "worst": 1.447968213914035,
        "n": 4,
        "gt_range": [
          0.7790349721908569,
          0.7875628471374512
        ],
        "pred_range": [
          0.5383836511060017,
          0.8982811361113401
        ]
      },
      "dark-deep": {
        "mean": 2.28546695110512,
        "worst": 2.5375898528900613,
        "n": 3,
        "gt_range": [
          0.05533949285745621,
          0.05534113489091396
        ],
        "pred_range": [
          0.11424074131772854,
          0.14042893553916289
        ]
      },
      "dark-opaque": {
        "mean": 2.0577814448930845,
        "worst": 3.3732552318493703,
        "n": 10,
        "gt_range": [
          0.2151469886302948,
          0.21623365581035614
        ],
        "pred_range": [
          0.19792399522762688,
          0.7292149433719386
        ]
      },
      "dark-ruby": {
        "mean": 1.4006122615968468,
        "worst": 1.5354349640216953,
        "n": 3,
        "gt_range": [
          0.13151434063911438,
          0.13197319209575653
        ],
        "pred_range": [
          0.0856528239363814,
          0.1791267570722633
        ]
      },
      "dark-slate": {
        "mean": 1.6214779438548985,
        "worst": 1.7391347394937473,
        "n": 3,
        "gt_range": [
          0.31213971972465515,
          0.31223572850227355
        ],
        "pred_range": [
          0.1795350995019303,
          0.5054059412521142
        ]
      },
      "streaky-mix": {
        "mean": 1.690641746691964,
        "worst": 2.703086292387559,
        "n": 4,
        "gt_range": [
          0.9216310381889343,
          0.929352433681488
        ],
        "pred_range": [
          0.3438116039057775,
          0.8841751071762276
        ]
      },
      "wispy-white": {
        "mean": 1.1130068915499445,
        "worst": 1.3200339264658838,
        "n": 4,
        "gt_range": [
          0.9489194023609161,
          0.9511544108390808
        ],
        "pred_range": [
          0.7188598590806301,
          0.9215272448784866
        ]
      }
    },
    "t_lo": 0.04
  },
  "ship": {
    "mu": [
      -1.985048383642464,
      0.23882089389662994,
      0.24162939565078864
    ],
    "sd": [
      1.1679618935440936,
      0.2211269902193346,
      0.3272587042358901
    ],
    "coef": [
      0.09339263049459612,
      1.2803926644017072,
      0.4126184396266657,
      0.5421638854182109
    ]
  }
}