{
  "case": "seed72",
  "claim": "Soft curl penalty may preserve easy free-flow fitting while encouraging physical/integrable refraction.",
  "config": {
    "out": "research/delighting/results/differentiable_sheet_curl_regularized_sweep",
    "size": 144,
    "seed": 72,
    "ambient": 0.12,
    "leak": 0.88,
    "max_disp": 10.0,
    "shift_x": 19.0,
    "shift_y": -11.0,
    "t_low_res": 26,
    "disp_low_res": 54,
    "b_low_res": 72,
    "steps_motion": 1200,
    "lr_t": 0.08,
    "lr_d": 0.05,
    "lr_b": 0.035,
    "t_tv": 0.01,
    "b_tv": 0.0015,
    "disp_tv": 0.004,
    "disp_lap": 0.004,
    "disp_mag": 0.001,
    "curl_weights": "0,0.03,0.10,0.30",
    "log_every": 450,
    "sweep": true,
    "sweep_seeds": "71,72,73,74",
    "cpu": false,
    "device": "mps",
    "elapsed_s": 6.678423166275024,
    "shifts": [
      [
        0.0,
        0.0
      ],
      [
        19.0,
        -11.0
      ]
    ]
  },
  "metrics": [
    {
      "name": "curl 0",
      "renderer_recon_mae": 0.0018665175884962082,
      "T_mae": 0.10494189709424973,
      "T_lum_mae": 0.20173104107379913,
      "B_mae": 0.17207172513008118,
      "preview_lum_cv": 0.11822153839761328,
      "T_highfreq_corr_with_bg": 0.00197483549254317,
      "disp_epe_px": 3.0669028759002686,
      "disp_corr_x": 0.49696428825339933,
      "disp_corr_y": 0.3999551567492016,
      "curl_abs": 0.043639618903398514,
      "curl_weight": 0.0
    },
    {
      "name": "curl 0.03",
      "renderer_recon_mae": 0.002076523960568011,
      "T_mae": 0.10514242947101593,
      "T_lum_mae": 0.2022991180419922,
      "B_mae": 0.17227165400981903,
      "preview_lum_cv": 0.12729134068291675,
      "T_highfreq_corr_with_bg": 0.043934252687293514,
      "disp_epe_px": 2.7038307189941406,
      "disp_corr_x": 0.6030682737186014,
      "disp_corr_y": 0.5623614103099533,
      "curl_abs": 0.009131877683103085,
      "curl_weight": 0.03
    },
    {
      "name": "curl 0.1",
      "renderer_recon_mae": 0.002231631428003311,
      "T_mae": 0.1047288104891777,
      "T_lum_mae": 0.20201784372329712,
      "B_mae": 0.17013195157051086,
      "preview_lum_cv": 0.14130220818742262,
      "T_highfreq_corr_with_bg": 0.038838555847901794,
      "disp_epe_px": 2.5936765670776367,
      "disp_corr_x": 0.6728359121612824,
      "disp_corr_y": 0.5923902905202293,
      "curl_abs": 0.004024024121463299,
      "curl_weight": 0.1
    },
    {
      "name": "curl 0.3",
      "renderer_recon_mae": 0.0023517264053225517,
      "T_mae": 0.10350921005010605,
      "T_lum_mae": 0.19973556697368622,
      "B_mae": 0.16690337657928467,
      "preview_lum_cv": 0.1465573962442755,
      "T_highfreq_corr_with_bg": 0.04307902029971374,
      "disp_epe_px": 2.550990343093872,
      "disp_corr_x": 0.6681533336201003,
      "disp_corr_y": 0.6412861911023532,
      "curl_abs": 0.002509488258510828,
      "curl_weight": 0.3
    }
  ],
  "logs": {
    "curl 0": [
      {
        "step": 0,
        "loss": 0.021593328565359116,
        "recon": 0.02154228650033474,
        "curl": 0.0,
        "disp_abs": 0.0
      },
      {
        "step": 450,
        "loss": 0.002595150377601385,
        "recon": 0.0019319804850965738,
        "curl": 0.045254576951265335,
        "disp_abs": 1.5187444686889648
      },
      {
        "step": 900,
        "loss": 0.0025386344641447067,
        "recon": 0.0018869411433115602,
        "curl": 0.044117528945207596,
        "disp_abs": 1.5011769533157349
      },
      {
        "step": 1199,
        "loss": 0.002522052265703678,
        "recon": 0.0018747595604509115,
        "curl": 0.043639618903398514,
        "disp_abs": 1.4943042993545532
      }
    ],
    "curl 0.03": [
      {
        "step": 0,
        "loss": 0.021593328565359116,
        "recon": 0.02154228650033474,
        "curl": 0.0,
        "disp_abs": 0.0
      },
      {
        "step": 450,
        "loss": 0.0029364267829805613,
        "recon": 0.002155893947929144,
        "curl": 0.009491910226643085,
        "disp_abs": 1.289163589477539
      },
      {
        "step": 900,
        "loss": 0.002872996497899294,
        "recon": 0.002098720520734787,
        "curl": 0.009293300099670887,
        "disp_abs": 1.3397481441497803
      },
      {
        "step": 1199,
        "loss": 0.0028538776095956564,
        "recon": 0.002085725776851177,
        "curl": 0.00913187861442566,
        "disp_abs": 1.3513641357421875
      }
    ],
    "curl 0.1": [
      {
        "step": 0,
        "loss": 0.021593328565359116,
        "recon": 0.02154228650033474,
        "curl": 0.0,
        "disp_abs": 0.0
      },
      {
        "step": 450,
        "loss": 0.003178264945745468,
        "recon": 0.0023492430336773396,
        "curl": 0.0039336103945970535,
        "disp_abs": 1.2443714141845703
      },
      {
        "step": 900,
        "loss": 0.003097409848123789,
        "recon": 0.002250000601634383,
        "curl": 0.004017517901957035,
        "disp_abs": 1.345156192779541
      },
      {
        "step": 1199,
        "loss": 0.00308074988424778,
        "recon": 0.0022337650880217552,
        "curl": 0.004024024121463299,
        "disp_abs": 1.3600667715072632
      }
    ],
    "curl 0.3": [
      {
        "step": 0,
        "loss": 0.021593328565359116,
        "recon": 0.02154228650033474,
        "curl": 0.0,
        "disp_abs": 0.0
      },
      {
        "step": 450,
        "loss": 0.0036344327963888645,
        "recon": 0.002464559394866228,
        "curl": 0.002589448820799589,
        "disp_abs": 1.1737475395202637
      },
      {
        "step": 900,
        "loss": 0.003524042433127761,
        "recon": 0.0023766292724758387,
        "curl": 0.0024958690628409386,
        "disp_abs": 1.280243992805481
      },
      {
        "step": 1199,
        "loss": 0.0035090898163616657,
        "recon": 0.0023541152477264404,
        "curl": 0.002509488258510828,
        "disp_abs": 1.3176554441452026
      }
    ]
  }
}