{
  "claim": "High-risk plausible sheet prior: force sheet-level tint, preserve high-frequency hammered relief, suppress low/mid-frequency background leakage.",
  "honesty": "This improves consistency only if the cathedral sheet is physically near-uniform. It may invent/over-flatten and needs provenance/confidence.",
  "config": {
    "source": "frontend/public/assets/{green,orange}.png via suncatcher benchmark geometry",
    "conditions": [
      "raw",
      "relit",
      "prior"
    ],
    "prior_sigma": 34.0,
    "prior_detail_strength": 1.1
  },
  "sheet_flatness": {
    "green": {
      "raw": {
        "cv": 0.9455932378768921,
        "lowfreq_cv": 0.6213181614875793
      },
      "relit": {
        "cv": 0.7354604005813599,
        "lowfreq_cv": 0.448974072933197
      },
      "prior": {
        "cv": 0.3444291651248932,
        "lowfreq_cv": 0.08546348661184311
      }
    },
    "orange": {
      "raw": {
        "cv": 0.6057336926460266,
        "lowfreq_cv": 0.3921796381473541
      },
      "relit": {
        "cv": 0.404037207365036,
        "lowfreq_cv": 0.23865211009979248
      },
      "prior": {
        "cv": 0.2073335349559784,
        "lowfreq_cv": 0.045397549867630005
      }
    }
  },
  "metric1_cross_piece_consistency": {
    "green": {
      "n_pieces": 3,
      "raw": {
        "mean_dE_to_centroid": 2.530200309042311,
        "max_pairwise_dE": 5.622119493995784,
        "lum_cv": 0.12111343103990367,
        "hue_std_deg": 0.4917080518376888,
        "labs": [
          [
            25.88235294117647,
            -30.0,
            24.0
          ],
          [
            22.352941176470587,
            -27.0,
            21.0
          ],
          [
            26.666666666666668,
            -30.0,
            23.0
          ]
        ]
      },
      "relit": {
        "mean_dE_to_centroid": 2.756605215861864,
        "max_pairwise_dE": 6.8662456058404455,
        "lum_cv": 0.11330955468684253,
        "hue_std_deg": 0.6222570306009619,
        "labs": [
          [
            41.1764705882353,
            -41.0,
            33.0
          ],
          [
            36.470588235294116,
            -38.0,
            29.0
          ],
          [
            40.78431372549019,
            -40.0,
            31.0
          ]
        ]
      },
      "prior": {
        "mean_dE_to_centroid": 0.17429193899782072,
        "max_pairwise_dE": 0.39215686274509665,
        "lum_cv": 0.006369712529866604,
        "hue_std_deg": -0.0,
        "labs": [
          [
            54.509803921568626,
            -52.0,
            40.0
          ],
          [
            54.11764705882353,
            -52.0,
            40.0
          ],
          [
            54.509803921568626,
            -52.0,
            40.0
          ]
        ]
      }
    }
  },
  "metric2_position_sensitivity": {
    "GT_PIECE_1": {
      "label": "orange-slice",
      "sheet": "orange",
      "n_positions": 9,
      "raw": {
        "mean_dE_to_centroid": 7.713327077738528,
        "max_pairwise_dE": 25.079872407968907,
        "lum_cv": 0.2572747814117543,
        "hue_std_deg": 2.8122840330810326,
        "labs": [
          [
            51.76470588235294,
            32.0,
            58.0
          ],
          [
            56.07843137254902,
            28.0,
            60.0
          ],
          [
            49.80392156862745,
            26.0,
            53.0
          ],
          [
            40.3921568627451,
            29.0,
            47.0
          ],
          [
            36.07843137254902,
            30.0,
            45.0
          ],
          [
            46.666666666666664,
            30.0,
            52.0
          ],
          [
            52.94117647058823,
            36.0,
            59.0
          ],
          [
            51.372549019607845,
            36.0,
            58.0
          ],
          [
            47.05882352941176,
            35.0,
            54.0
          ]
        ]
      },
      "relit": {
        "mean_dE_to_centroid": 6.823274002158642,
        "max_pairwise_dE": 22.33629411075338,
        "lum_cv": 0.18304453417940872,
        "hue_std_deg": 3.8323522461826265,
        "labs": [
          [
            69.01960784313725,
            26.0,
            71.0
          ],
          [
            70.19607843137254,
            27.0,
            72.0
          ],
          [
            62.745098039215684,
            31.0,
            65.0
          ],
          [
            58.431372549019606,
            32.0,
            62.0
          ],
          [
            54.90196078431372,
            38.0,
            60.0
          ],
          [
            63.13725490196078,
            33.0,
            66.0
          ],
          [
            70.19607843137254,
            27.0,
            71.0
          ],
          [
            68.62745098039215,
            30.0,
            71.0
          ],
          [
            63.92156862745098,
            35.0,
            68.0
          ]
        ]
      },
      "prior": {
        "mean_dE_to_centroid": 1.4963212581012018,
        "max_pairwise_dE": 4.1042264953279455,
        "lum_cv": 0.03396282175573666,
        "hue_std_deg": 0.4668527115640144,
        "labs": [
          [
            68.23529411764706,
            34.0,
            71.0
          ],
          [
            68.23529411764706,
            35.0,
            71.0
          ],
          [
            66.66666666666667,
            33.0,
            70.0
          ],
          [
            66.27450980392157,
            33.0,
            69.0
          ],
          [
            65.49019607843137,
            34.0,
            69.0
          ],
          [
            67.45098039215686,
            34.0,
            70.0
          ],
          [
            68.62745098039215,
            35.0,
            71.0
          ],
          [
            68.23529411764706,
            36.0,
            71.0
          ],
          [
            67.84313725490196,
            35.0,
            71.0
          ]
        ]
      }
    },
    "GT_PIECE_2": {
      "label": "leaf-R",
      "sheet": "green",
      "n_positions": 9,
      "raw": {
        "mean_dE_to_centroid": 9.680138037749943,
        "max_pairwise_dE": 38.77866292425517,
        "lum_cv": 0.48617715252702354,
        "hue_std_deg": 1.1528161105742842,
        "labs": [
          [
            38.431372549019606,
            -41.0,
            32.0
          ],
          [
            54.11764705882353,
            -48.0,
            35.0
          ],
          [
            50.588235294117645,
            -41.0,
            29.0
          ],
          [
            28.235294117647058,
            -32.0,
            25.0
          ],
          [
            23.137254901960784,
            -28.0,
            23.0
          ],
          [
            34.509803921568626,
            -36.0,
            27.0
          ],
          [
            43.13725490196078,
            -44.0,
            33.0
          ],
          [
            40.0,
            -42.0,
            31.0
          ],
          [
            36.07843137254902,
            -39.0,
            29.0
          ]
        ]
      },
      "relit": {
        "mean_dE_to_centroid": 10.88097484628432,
        "max_pairwise_dE": 38.73293549674888,
        "lum_cv": 0.35010608554396067,
        "hue_std_deg": 1.0132999992577216,