{
  "before": {
    "worst": 4.24503781530933,
    "per_recipe": {
      "cathedral-amber": {
        "mean": 1.0589467445272183,
        "worst": 1.087867185189486,
        "n": 4,
        "gt_range": [
          0.9018847578763962,
          0.9026744002103806
        ],
        "pred_range": [
          0.8292751958177338,
          0.9529942672938672
        ]
      },
      "cathedral-green": {
        "mean": 1.2214664161506295,
        "worst": 1.4363438759881795,
        "n": 4,
        "gt_range": [
          0.7790349721908569,
          0.7875628471374512
        ],
        "pred_range": [
          0.542740792594774,
          0.8990796942823228
        ]
      },
      "dark-opaque": {
        "mean": 4.155663827097324,
        "worst": 4.24503781530933,
        "n": 10,
        "gt_range": [
          0.2151469886302948,
          0.21623365581035614
        ],
        "pred_range": [
          0.8737126200418655,
          0.9176729293636682
        ]
      },
      "streaky-mix": {
        "mean": 1.7508384795915561,
        "worst": 2.71430081046689,
        "n": 4,
        "gt_range": [
          0.9216310381889343,
          0.929352433681488
        ],
        "pred_range": [
          0.34239109758863795,
          0.8715783455095714
        ]
      },
      "wispy-white": {
        "mean": 1.139310199539413,
        "worst": 1.3825386043728403,
        "n": 4,
        "gt_range": [
          0.9489194023609161,
          0.9511544108390808
        ],
        "pred_range": [
          0.686360148902586,
          0.9122210892383142
        ]
      }
    },
    "t_lo": 0.04
  },
  "after": {
    "worst": 3.4737826919271435,
    "per_recipe": {
      "cathedral-amber": {
        "mean": 1.0665383797932135,
        "worst": 1.1927495451181345,
        "n": 4,
        "gt_range": [
          0.9018847578763962,
          0.9026744002103806
        ],
        "pred_range": [
          0.7563543215875606,
          0.9313940739631758
        ]
      },
      "cathedral-green": {
        "mean": 1.2838278858854182,
        "worst": 1.6268614490899944,
        "n": 4,
        "gt_range": [
          0.7790349721908569,
          0.7875628471374512
        ],
        "pred_range": [
          0.4791818099374919,
          0.8862870203652766
        ]
      },
      "dark-deep": {
        "mean": 1.860355436794553,
        "worst": 2.2149382555436703,
        "n": 3,
        "gt_range": [
          0.05533949285745621,
          0.05534113489091396
        ],
        "pred_range": [
          0.08874058329664516,
          0.12257355977236545
        ]
      },
      "dark-opaque": {
        "mean": 2.0447914241927103,
        "worst": 3.4737826919271435,
        "n": 10,
        "gt_range": [
          0.2151469886302948,
          0.21623365581035614
        ],
        "pred_range": [
          0.21750528353486767,
          0.7509465115663051
        ]
      },
      "dark-ruby": {
        "mean": 1.9228949744667323,
        "worst": 2.9300658425088795,
        "n": 3,
        "gt_range": [
          0.13151434063911438,
          0.13197319209575653
        ],
        "pred_range": [
          0.16118089629967103,
          0.3861798280371348
        ]
      },
      "dark-slate": {
        "mean": 1.6035525344173562,
        "worst": 1.7451373463354973,
        "n": 3,
        "gt_range": [
          0.31213971972465515,
          0.31223572850227355
        ],
        "pred_range": [
          0.1789175672378552,
          0.5223795445055461
        ]
      },
      "streaky-mix": {
        "mean": 1.7722389081970045,
        "worst": 3.012719791981531,
        "n": 4,
        "gt_range": [
          0.9216310381889343,
          0.929352433681488
        ],
        "pred_range": [
          0.30847622674866576,
          0.8886501852526612
        ]
      },
      "wispy-white": {
        "mean": 1.0743755661758274,
        "worst": 1.2559057300336696,
        "n": 4,
        "gt_range": [
          0.9489194023609161,
          0.9511544108390808
        ],
        "pred_range": [
          0.7555657878362227,
          0.9439509824826224
        ]
      }
    },
    "t_lo": 0.04
  },
  "ship": {
    "mu": [
      -1.985048383642464,
      0.33913285604003723,
      0.24162941183423337
    ],
    "sd": [
      1.1679618935440936,
      0.19778269937661838,
      0.3272586970297667
    ],
    "coef": [
      0.0933926304945959,
      1.5546389802926146,
      0.2607376950945834,
      0.4766810243336051
    ]
  }
}