{
  "case": "seed81",
  "claim": "A weak mean material prior may resolve the remaining T/B scale-color ambiguity after curl regularization.",
  "config": {
    "out": "research/delighting/results/differentiable_sheet_curl_scale_prior_sweep",
    "size": 144,
    "seed": 81,
    "ambient": 0.12,
    "leak": 0.88,
    "max_disp": 10.0,
    "shift_x": 19.0,
    "shift_y": -11.0,
    "t_low_res": 26,
    "disp_low_res": 54,
    "b_low_res": 72,
    "steps_motion": 1200,
    "lr_t": 0.08,
    "lr_d": 0.05,
    "lr_b": 0.035,
    "t_tv": 0.01,
    "b_tv": 0.0015,
    "disp_tv": 0.004,
    "disp_lap": 0.004,
    "disp_mag": 0.001,
    "curl_weight": 0.3,
    "prior_weight": 0.25,
    "prior_modes": "none,luma-oracle,rgb-oracle,rgb-bright-biased,rgb-chroma-biased",
    "log_every": 450,
    "sweep": true,
    "sweep_seeds": "81,82,83,84",
    "cpu": false,
    "device": "mps",
    "elapsed_s": 55.914724826812744,
    "shifts": [
      [
        0.0,
        0.0
      ],
      [
        19.0,
        -11.0
      ]
    ]
  },
  "gt_mean_rgb": [
    0.02998126670718193,
    0.5584958791732788,
    0.12518678605556488
  ],
  "gt_mean_luma": 0.41484859585762024,
  "metrics": [
    {
      "name": "none",
      "renderer_recon_mae": 0.0023377133766189218,
      "T_mae": 0.10073444247245789,
      "T_lum_mae": 0.19343607127666473,
      "B_mae": 0.16068853437900543,
      "preview_lum_cv": 0.13786404598220572,
      "T_highfreq_corr_with_bg": 0.0021740287655083097,
      "disp_epe_px": 2.6114509105682373,
      "disp_corr_x": 0.6034081745457006,
      "disp_corr_y": 0.5270811556835808,
      "curl_abs": 0.0024601900950074196,
      "mean_rgb_mae": 0.10019858926534653,
      "mean_luma_abs": 0.19343602657318115,
      "prior_mode": "none"
    },
    {
      "name": "luma-oracle",
      "renderer_recon_mae": 0.002188673592172563,
      "T_mae": 0.018404720351099968,
      "T_lum_mae": 0.022506684064865112,
      "B_mae": 0.05202414095401764,
      "preview_lum_cv": 0.06699582551302917,
      "T_highfreq_corr_with_bg": 0.027967779852557835,
      "disp_epe_px": 2.677446126937866,
      "disp_corr_x": 0.6162999171481073,
      "disp_corr_y": 0.5365881671239715,
      "curl_abs": 0.0024795697536319494,
      "mean_rgb_mae": 0.006590042728930712,
      "mean_luma_abs": 0.0008420348167419434,
      "prior_mode": "luma-oracle"
    },
    {
      "name": "rgb-oracle",
      "renderer_recon_mae": 0.002087631612084806,
      "T_mae": 0.013791127130389214,
      "T_lum_mae": 0.02152719721198082,
      "B_mae": 0.038047417998313904,
      "preview_lum_cv": 0.0771010900449194,
      "T_highfreq_corr_with_bg": -0.011267799101032946,
      "disp_epe_px": 2.6046953201293945,
      "disp_corr_x": 0.6638381438583568,
      "disp_corr_y": 0.5034410456208285,
      "curl_abs": 0.002358942059800029,
      "mean_rgb_mae": 0.0008957181125879288,
      "mean_luma_abs": 0.0013801753520965576,
      "prior_mode": "rgb-oracle"
    },
    {
      "name": "rgb-bright-biased",
      "renderer_recon_mae": 0.002094330149702728,
      "T_mae": 0.030952416360378265,
      "T_lum_mae": 0.04970915615558624,
      "B_mae": 0.05778049677610397,
      "preview_lum_cv": 0.06143339055338119,
      "T_highfreq_corr_with_bg": 0.08178157465002364,
      "disp_epe_px": 2.613100051879883,
      "disp_corr_x": 0.6896535977821977,
      "disp_corr_y": 0.4931166531599978,
      "curl_abs": 0.0023348156828433275,
      "mean_rgb_mae": 0.030084459111094475,
      "mean_luma_abs": 0.04843258857727051,
      "prior_mode": "rgb-bright-biased"
    },
    {
      "name": "rgb-chroma-biased",
      "renderer_recon_mae": 0.0022639408707618713,
      "T_mae": 0.028134921565651894,
      "T_lum_mae": 0.03191787376999855,
      "B_mae": 0.06844668090343475,
      "preview_lum_cv": 0.08274428130151619,
      "T_highfreq_corr_with_bg": -0.028977293314737116,
      "disp_epe_px": 2.6408345699310303,
      "disp_corr_x": 0.6394421815714598,
      "disp_corr_y": 0.4905621353723473,
      "curl_abs": 0.002353785326704383,
      "mean_rgb_mae": 0.025985458865761757,
      "mean_luma_abs": 0.02648448944091797,
      "prior_mode": "rgb-chroma-biased"
    }
  ],
  "logs": {
    "none": [
      {
        "step": 0,
        "loss": 0.022227521985769272,
        "recon": 0.022174658253788948,
        "curl": 0.0,
        "prior": 0.0,
        "disp_abs": 0.0
      },
      {
        "step": 450,
        "loss": 0.0035354276187717915,
        "recon": 0.002448362298309803,
        "curl": 0.0024169450625777245,
        "prior": 0.0,
        "disp_abs": 1.0541285276412964
      },
      {
        "step": 900,
        "loss": 0.0034644603729248047,
        "recon": 0.0023589003831148148,
        "curl": 0.0024390157777816057,
        "prior": 0.0,
        "disp_abs": 1.1914767026901245
      },
      {
        "step": 1199,
        "loss": 0.003455424215644598,
        "recon": 0.002342254389077425,
        "curl": 0.0024601900950074196,
        "prior": 0.0,
        "disp_abs": 1.2235182523727417
      }
    ],
    "luma-oracle": [
      {
        "step": 0,
        "loss": 0.08604991436004639,
        "recon": 0.022174658253788948,
        "curl": 0.0,
        "prior": 0.25528958439826965,
        "disp_abs": 0.0
      },
      {
        "step": 450,
        "loss": 0.003714858554303646,
        "recon": 0.002529931254684925,
        "curl": 0.0025181935634464025,
        "prior": 0.0002566874027252197,
        "disp_abs": 1.1003907918930054
      },
      {
        "step": 900,
        "loss": 0.0036479653790593147,
        "recon": 0.002308976138010621,
        "curl": 0.0024795765057206154,
        "prior": 0.0009157359600067139,
        "disp_abs": 1.214161992073059
      },
      {
        "step": 1199,
        "loss": 0.003546580672264099,
        "recon": 0.0021979170851409435,
        "curl": 0.0024795697536319494,
        "prior": 0.0009508430957794189,
        "disp_abs": 1.2487077713012695
      }
    ],
    "rgb-oracle": [
      {
        "step": 0,
        "loss": 0.058451227843761444,
        "recon": 0.022174658253788948,
        "curl": 0.0,
        "prior": 0.1448948234319687,
        "disp_abs": 0.0
      },
      {
        "step": 450,
        "loss": 0.003537840908393264,
        "recon": 0.0022730440832674503,
        "curl": 0.0024410078767687082,
        "prior": 0.000706179067492485,
        "disp_abs": 1.1377723217010498
      },
      {
        "step": 900,
        "loss": 0.0032878860365599394,
        "recon": 0.0020772861316800117,
        "curl": 0.0023861622903496027,
        "prior": 0.000544235110282898,
        "disp_abs": 1.2954092025756836
      },
      {
        "step": 1199,
        "loss": 0.003245892934501171,
        "recon": 0.0020346350502222776,
        "curl": 0.002358942059800029,
        "prior": 0.0005646310746669769,
        "disp_abs": 1.3332840204238892
      }
    ],
    "rgb-bright-biased": [
      {
        "step": 0,
        "loss": 0.06620503216981888,
        "recon": 0.022174658253788948,
        "curl": 0.0,
        "prior": 0.17591004073619843,
        "disp_abs": 0.0
      },
      {
        "step": 450,
        "loss": 0.003686634823679924,
        "recon": 0.0024154274724423885,
        "curl": 0.002425292506814003,
        "prior": 0.00069398432970047,
        "disp_abs": 1.1605595350265503
      },
      {
        "step": 900,
        "loss": 0.0034371670335531235,
        "recon": 0.0021191383711993694,
        "curl": 0.002379698446020484,
        "prior": 0.0009680502116680145,
        "disp_abs": 1.2879887819290161
      },
      {
        "step": 1199,
        "loss": 0.003467148868367076,
        "recon": 0.0020943223498761654,
        "curl": 0.0023348156828433275,
        "prior": 0.0012456165859475732,
        "disp_abs": 1.3214608430862427
      }
    ],
    "rgb-chroma-biased": [
      {
        "step": 0,
        "loss": 0.05768882483243942,
        "recon": 0.022174658253788948,
        "curl": 0.0,
        "prior": 0.1418452113866806,