{
  "case": "seed84",
  "claim": "A weak mean material prior may resolve the remaining T/B scale-color ambiguity after curl regularization.",
  "config": {
    "out": "research/delighting/results/differentiable_sheet_curl_scale_prior_sweep",
    "size": 144,
    "seed": 84,
    "ambient": 0.12,
    "leak": 0.88,
    "max_disp": 10.0,
    "shift_x": 19.0,
    "shift_y": -11.0,
    "t_low_res": 26,
    "disp_low_res": 54,
    "b_low_res": 72,
    "steps_motion": 1200,
    "lr_t": 0.08,
    "lr_d": 0.05,
    "lr_b": 0.035,
    "t_tv": 0.01,
    "b_tv": 0.0015,
    "disp_tv": 0.004,
    "disp_lap": 0.004,
    "disp_mag": 0.001,
    "curl_weight": 0.3,
    "prior_weight": 0.25,
    "prior_modes": "none,luma-oracle,rgb-oracle,rgb-bright-biased,rgb-chroma-biased",
    "log_every": 450,
    "sweep": true,
    "sweep_seeds": "81,82,83,84",
    "cpu": false,
    "device": "mps",
    "elapsed_s": 63.64785885810852,
    "shifts": [
      [
        0.0,
        0.0
      ],
      [
        19.0,
        -11.0
      ]
    ]
  },
  "gt_mean_rgb": [
    0.030014952644705772,
    0.5592527389526367,
    0.12535682320594788
  ],
  "gt_mean_luma": 0.4154093265533447,
  "metrics": [
    {
      "name": "none",
      "renderer_recon_mae": 0.002232932602055371,
      "T_mae": 0.10043910890817642,
      "T_lum_mae": 0.1942320168018341,
      "B_mae": 0.15723328292369843,
      "preview_lum_cv": 0.13201789885605814,
      "T_highfreq_corr_with_bg": 0.007968765057366002,
      "disp_epe_px": 2.4143643379211426,
      "disp_corr_x": 0.6632184187040421,
      "disp_corr_y": 0.6992371106870616,
      "curl_abs": 0.0025022393092513084,
      "mean_rgb_mae": 0.10007133334875107,
      "mean_luma_abs": 0.1942320019006729,
      "prior_mode": "none"
    },
    {
      "name": "luma-oracle",
      "renderer_recon_mae": 0.0021214294247329235,
      "T_mae": 0.014640496112406254,
      "T_lum_mae": 0.016434168443083763,
      "B_mae": 0.045009810477495193,
      "preview_lum_cv": 0.07292249378229268,
      "T_highfreq_corr_with_bg": -0.05005466645684866,
      "disp_epe_px": 2.206378698348999,
      "disp_corr_x": 0.7665421685034381,
      "disp_corr_y": 0.720921006889964,
      "curl_abs": 0.002524220384657383,
      "mean_rgb_mae": 0.007491725962609053,
      "mean_luma_abs": 0.0019369125366210938,
      "prior_mode": "luma-oracle"
    },
    {
      "name": "rgb-oracle",
      "renderer_recon_mae": 0.0021783196134492755,
      "T_mae": 0.014143260195851326,
      "T_lum_mae": 0.02328319288790226,
      "B_mae": 0.038574397563934326,
      "preview_lum_cv": 0.08340204751519495,
      "T_highfreq_corr_with_bg": -0.06537213081540749,
      "disp_epe_px": 2.3272550106048584,
      "disp_corr_x": 0.7308419569638116,
      "disp_corr_y": 0.7102819801945001,
      "curl_abs": 0.002610584022477269,
      "mean_rgb_mae": 0.001426971168257296,
      "mean_luma_abs": 0.0027829408645629883,
      "prior_mode": "rgb-oracle"
    },
    {
      "name": "rgb-bright-biased",
      "renderer_recon_mae": 0.0021804349962621927,
      "T_mae": 0.03171004354953766,
      "T_lum_mae": 0.05206951126456261,
      "B_mae": 0.05641551688313484,
      "preview_lum_cv": 0.08138888381975254,
      "T_highfreq_corr_with_bg": 0.10700200956444653,
      "disp_epe_px": 2.3176167011260986,
      "disp_corr_x": 0.728650901806333,
      "disp_corr_y": 0.6981801326367025,
      "curl_abs": 0.0026345972437411547,
      "mean_rgb_mae": 0.03105052001774311,
      "mean_luma_abs": 0.05123031139373779,
      "prior_mode": "rgb-bright-biased"
    },
    {
      "name": "rgb-chroma-biased",
      "renderer_recon_mae": 0.002188438083976507,
      "T_mae": 0.02915901690721512,
      "T_lum_mae": 0.033901166170835495,
      "B_mae": 0.06758131831884384,
      "preview_lum_cv": 0.08828413045086708,
      "T_highfreq_corr_with_bg": -0.04523257453477375,
      "disp_epe_px": 2.3633923530578613,
      "disp_corr_x": 0.7083394289430883,
      "disp_corr_y": 0.7016445805769556,
      "curl_abs": 0.0025901116896420717,
      "mean_rgb_mae": 0.02720632590353489,
      "mean_luma_abs": 0.02878338098526001,
      "prior_mode": "rgb-chroma-biased"
    }
  ],
  "logs": {
    "none": [
      {
        "step": 0,
        "loss": 0.023252446204423904,
        "recon": 0.023197367787361145,
        "curl": 0.0,
        "prior": 0.0,
        "disp_abs": 0.0
      },
      {
        "step": 450,
        "loss": 0.003489087102934718,
        "recon": 0.002361465245485306,
        "curl": 0.0025465430226176977,
        "prior": 0.0,
        "disp_abs": 1.0998588800430298
      },
      {
        "step": 900,
        "loss": 0.003363160416483879,
        "recon": 0.002245387528091669,
        "curl": 0.002499929629266262,
        "prior": 0.0,
        "disp_abs": 1.2225052118301392
      },
      {
        "step": 1199,
        "loss": 0.003351365216076374,
        "recon": 0.0022344281896948814,
        "curl": 0.002502239076420665,
        "prior": 0.0,
        "disp_abs": 1.23783278465271
      }
    ],
    "luma-oracle": [
      {
        "step": 0,
        "loss": 0.08774031698703766,
        "recon": 0.023197367787361145,
        "curl": 0.0,
        "prior": 0.2579514980316162,
        "disp_abs": 0.0
      },
      {
        "step": 450,
        "loss": 0.0035342732444405556,
        "recon": 0.0023844940587878227,
        "curl": 0.002600881038233638,
        "prior": 6.377696990966797e-05,
        "disp_abs": 1.170403242111206
      },
      {
        "step": 900,
        "loss": 0.003674107138067484,
        "recon": 0.0022320386487990618,
        "curl": 0.0025680733378976583,
        "prior": 0.0012476444244384766,
        "disp_abs": 1.2856717109680176
      },
      {
        "step": 1199,
        "loss": 0.0036982267629355192,
        "recon": 0.002145668026059866,
        "curl": 0.0025242208503186703,
        "prior": 0.0017434656620025635,
        "disp_abs": 1.3057290315628052
      }
    ],
    "rgb-oracle": [
      {
        "step": 0,
        "loss": 0.059888631105422974,
        "recon": 0.023197367787361145,
        "curl": 0.0,
        "prior": 0.14654473960399628,
        "disp_abs": 0.0
      },
      {
        "step": 450,
        "loss": 0.003917526453733444,
        "recon": 0.0024882168509066105,
        "curl": 0.0025844972115010023,
        "prior": 0.0012012930819764733,
        "disp_abs": 1.1111228466033936
      },
      {
        "step": 900,
        "loss": 0.003501491853967309,
        "recon": 0.0021718041971325874,
        "curl": 0.002590591786429286,
        "prior": 0.000777826935518533,
        "disp_abs": 1.249308466911316
      },
      {
        "step": 1199,
        "loss": 0.0036096281837671995,
        "recon": 0.002149811014533043,
        "curl": 0.002610584022477269,
        "prior": 0.0012798333773389459,
        "disp_abs": 1.2899231910705566
      }
    ],
    "rgb-bright-biased": [
      {
        "step": 0,
        "loss": 0.06765283644199371,
        "recon": 0.023197367787361145,
        "curl": 0.0,
        "prior": 0.17760156095027924,
        "disp_abs": 0.0
      },
      {
        "step": 450,
        "loss": 0.003915587440133095,
        "recon": 0.0024840557016432285,
        "curl": 0.0026631499640643597,
        "prior": 0.0010943772504106164,
        "disp_abs": 1.1277809143066406
      },
      {
        "step": 900,
        "loss": 0.0035344655625522137,
        "recon": 0.00219105277210474,
        "curl": 0.0026923837140202522,
        "prior": 0.0006993301212787628,
        "disp_abs": 1.2440541982650757
      },
      {
        "step": 1199,
        "loss": 0.003362443530932069,
        "recon": 0.002159790601581335,
        "curl": 0.0026345972437411547,
        "prior": 0.00020475189376156777,
        "disp_abs": 1.2918670177459717
      }
    ],
    "rgb-chroma-biased": [
      {
        "step": 0,
        "loss": 0.05912499874830246,
        "recon": 0.023197367787361145,
        "curl": 0.0,
        "prior": 0.14349021017551422,