{
  "case": "seed73",
  "claim": "Soft curl penalty may preserve easy free-flow fitting while encouraging physical/integrable refraction.",
  "config": {
    "out": "research/delighting/results/differentiable_sheet_curl_regularized_sweep",
    "size": 144,
    "seed": 73,
    "ambient": 0.12,
    "leak": 0.88,
    "max_disp": 10.0,
    "shift_x": 19.0,
    "shift_y": -11.0,
    "t_low_res": 26,
    "disp_low_res": 54,
    "b_low_res": 72,
    "steps_motion": 1200,
    "lr_t": 0.08,
    "lr_d": 0.05,
    "lr_b": 0.035,
    "t_tv": 0.01,
    "b_tv": 0.0015,
    "disp_tv": 0.004,
    "disp_lap": 0.004,
    "disp_mag": 0.001,
    "curl_weights": "0,0.03,0.10,0.30",
    "log_every": 450,
    "sweep": true,
    "sweep_seeds": "71,72,73,74",
    "cpu": false,
    "device": "mps",
    "elapsed_s": 6.5754711627960205,
    "shifts": [
      [
        0.0,
        0.0
      ],
      [
        19.0,
        -11.0
      ]
    ]
  },
  "metrics": [
    {
      "name": "curl 0",
      "renderer_recon_mae": 0.0018699642387218773,
      "T_mae": 0.10415983945131302,
      "T_lum_mae": 0.19928871095180511,
      "B_mae": 0.16844815015792847,
      "preview_lum_cv": 0.134479217356027,
      "T_highfreq_corr_with_bg": 0.04056394010989165,
      "disp_epe_px": 3.239781618118286,
      "disp_corr_x": 0.3935993810316649,
      "disp_corr_y": 0.35077373181995064,
      "curl_abs": 0.04457232356071472,
      "curl_weight": 0.0
    },
    {
      "name": "curl 0.03",
      "renderer_recon_mae": 0.001998998341150582,
      "T_mae": 0.10111384838819504,
      "T_lum_mae": 0.19373199343681335,
      "B_mae": 0.16049495339393616,
      "preview_lum_cv": 0.14908332923866527,
      "T_highfreq_corr_with_bg": 0.03557255595069262,
      "disp_epe_px": 2.6102137565612793,
      "disp_corr_x": 0.5431815588815099,
      "disp_corr_y": 0.5563248929772694,
      "curl_abs": 0.00835368037223816,
      "curl_weight": 0.03
    },
    {
      "name": "curl 0.1",
      "renderer_recon_mae": 0.0022308339830487967,
      "T_mae": 0.0997491329908371,
      "T_lum_mae": 0.19117501378059387,
      "B_mae": 0.15686970949172974,
      "preview_lum_cv": 0.14169332558449094,
      "T_highfreq_corr_with_bg": 0.05518624978235014,
      "disp_epe_px": 2.572659730911255,
      "disp_corr_x": 0.5587105361351021,
      "disp_corr_y": 0.5657284283116113,
      "curl_abs": 0.003997727297246456,
      "curl_weight": 0.1
    },
    {
      "name": "curl 0.3",
      "renderer_recon_mae": 0.0024623741628602147,
      "T_mae": 0.10014619678258896,
      "T_lum_mae": 0.19219614565372467,
      "B_mae": 0.15979357063770294,
      "preview_lum_cv": 0.1493963523680129,
      "T_highfreq_corr_with_bg": 0.0398361464733896,
      "disp_epe_px": 2.7875771522521973,
      "disp_corr_x": 0.436355054589091,
      "disp_corr_y": 0.4781633071171235,
      "curl_abs": 0.0026235708501189947,
      "curl_weight": 0.3
    }
  ],
  "logs": {
    "curl 0": [
      {
        "step": 0,
        "loss": 0.02338249236345291,
        "recon": 0.02332892082631588,
        "curl": 0.0,
        "disp_abs": 0.0
      },
      {
        "step": 450,
        "loss": 0.002629349008202553,
        "recon": 0.0019526130054146051,
        "curl": 0.04466596245765686,
        "disp_abs": 1.6023461818695068
      },
      {
        "step": 900,
        "loss": 0.0025648032315075397,
        "recon": 0.0018964384216815233,
        "curl": 0.04445040598511696,
        "disp_abs": 1.5784273147583008
      },
      {
        "step": 1199,
        "loss": 0.002548272954300046,
        "recon": 0.0018819092074409127,
        "curl": 0.04457232728600502,
        "disp_abs": 1.5712112188339233
      }
    ],
    "curl 0.03": [
      {
        "step": 0,
        "loss": 0.02338249236345291,
        "recon": 0.02332892082631588,
        "curl": 0.0,
        "disp_abs": 0.0
      },
      {
        "step": 450,
        "loss": 0.002809817437082529,
        "recon": 0.002083602361381054,
        "curl": 0.00852621253579855,
        "disp_abs": 1.2067954540252686
      },
      {
        "step": 900,
        "loss": 0.0027398262172937393,
        "recon": 0.0020228372886776924,
        "curl": 0.008428986184298992,
        "disp_abs": 1.2315728664398193
      },
      {
        "step": 1199,
        "loss": 0.0027184565551579,
        "recon": 0.002005982678383589,
        "curl": 0.00835368037223816,
        "disp_abs": 1.2412872314453125
      }
    ],
    "curl 0.1": [
      {
        "step": 0,
        "loss": 0.02338249236345291,
        "recon": 0.02332892082631588,
        "curl": 0.0,
        "disp_abs": 0.0
      },
      {
        "step": 450,
        "loss": 0.0031257683876901865,
        "recon": 0.0022970144636929035,
        "curl": 0.004007389303296804,
        "disp_abs": 1.1212704181671143
      },
      {
        "step": 900,
        "loss": 0.003074640640988946,
        "recon": 0.0022520869970321655,
        "curl": 0.003958128392696381,
        "disp_abs": 1.1509701013565063
      },
      {
        "step": 1199,
        "loss": 0.003061292227357626,
        "recon": 0.0022348063066601753,
        "curl": 0.003997726831585169,
        "disp_abs": 1.1586716175079346
      }
    ],
    "curl 0.3": [
      {
        "step": 0,
        "loss": 0.02338249236345291,
        "recon": 0.02332892082631588,
        "curl": 0.0,
        "disp_abs": 0.0
      },
      {
        "step": 450,
        "loss": 0.00373044703155756,
        "recon": 0.0025508315302431583,
        "curl": 0.002623970154672861,
        "disp_abs": 1.0127923488616943
      },
      {
        "step": 900,
        "loss": 0.0036569898948073387,
        "recon": 0.0024756158236414194,
        "curl": 0.0025873836129903793,
        "disp_abs": 1.0837575197219849
      },
      {
        "step": 1199,
        "loss": 0.0036609983071684837,
        "recon": 0.0024686860851943493,
        "curl": 0.0026235708501189947,
        "disp_abs": 1.0981547832489014
      }
    ]
  }
}