{
  "samples": [
    {
      "sample": "cathedral-green__seed6001",
      "recipe": "cathedral-green",
      "family": "cathedral",
      "tiers": {
        "t0_current": {
          "uniform": {
            "mae": 3.4167473316192627,
            "ssim": 0.9993452429771423
          },
          "struct": {
            "mae": 37.19813919067383,
            "ssim": 0.7196962833404541
          }
        },
        "t1_scatter": {
          "uniform": {
            "mae": 3.416345971704018,
            "ssim": 0.9993721444043265
          },
          "struct": {
            "mae": 21.475695508424913,
            "ssim": 0.801499403177669
          }
        },
        "t2_lensing": {
          "uniform": {
            "mae": 3.4076856067573043,
            "ssim": 0.999371878137709
          },
          "struct": {
            "mae": 13.029789061894505,
            "ssim": 0.8304685179190493
          }
        },
        "t3_veil": {
          "uniform": {
            "mae": 3.4076856067573043,
            "ssim": 0.999371878137709
          },
          "struct": {
            "mae": 13.029789061894505,
            "ssim": 0.8304685179190493
          }
        }
      },
      "sigma_max_px": 64.0,
      "lens_gain": 4.0,
      "sigma_max_px_refit": 64.0,
      "veil_mean_linear": {
        "uniform": 0.0,
        "struct": 0.0
      },
      "uniform_L0_equals_T_mae_linear": 0.0002751313440967351,
      "uniform_truth_vs_T_mae_linear": 0.023280898109078407
    }
  ],
  "family_agg": {
    "cathedral": {
      "t0_current": {
        "uniform": {
          "mae": 3.4167473316192627,
          "ssim": 0.9993452429771423
        },
        "struct": {
          "mae": 37.19813919067383,
          "ssim": 0.7196962833404541
        }
      },
      "t1_scatter": {
        "uniform": {
          "mae": 3.416345971704018,
          "ssim": 0.9993721444043265
        },
        "struct": {
          "mae": 21.475695508424913,
          "ssim": 0.801499403177669
        }
      },
      "t2_lensing": {
        "uniform": {
          "mae": 3.4076856067573043,
          "ssim": 0.999371878137709
        },
        "struct": {
          "mae": 13.029789061894505,
          "ssim": 0.8304685179190493
        }
      },
      "t3_veil": {
        "uniform": {
          "mae": 3.4076856067573043,
          "ssim": 0.999371878137709
        },
        "struct": {
          "mae": 13.029789061894505,
          "ssim": 0.8304685179190493
        }
      }
    }
  }
}