{
  "case": "seed83",
  "claim": "A weak mean material prior may resolve the remaining T/B scale-color ambiguity after curl regularization.",
  "config": {
    "out": "research/delighting/results/differentiable_sheet_curl_scale_prior_sweep",
    "size": 144,
    "seed": 83,
    "ambient": 0.12,
    "leak": 0.88,
    "max_disp": 10.0,
    "shift_x": 19.0,
    "shift_y": -11.0,
    "t_low_res": 26,
    "disp_low_res": 54,
    "b_low_res": 72,
    "steps_motion": 1200,
    "lr_t": 0.08,
    "lr_d": 0.05,
    "lr_b": 0.035,
    "t_tv": 0.01,
    "b_tv": 0.0015,
    "disp_tv": 0.004,
    "disp_lap": 0.004,
    "disp_mag": 0.001,
    "curl_weight": 0.3,
    "prior_weight": 0.25,
    "prior_modes": "none,luma-oracle,rgb-oracle,rgb-bright-biased,rgb-chroma-biased",
    "log_every": 450,
    "sweep": true,
    "sweep_seeds": "81,82,83,84",
    "cpu": false,
    "device": "mps",
    "elapsed_s": 47.58563303947449,
    "shifts": [
      [
        0.0,
        0.0
      ],
      [
        19.0,
        -11.0
      ]
    ]
  },
  "gt_mean_rgb": [
    0.030024852603673935,
    0.5593626499176025,
    0.12538208067417145
  ],
  "gt_mean_luma": 0.4154927730560303,
  "metrics": [
    {
      "name": "none",
      "renderer_recon_mae": 0.002203230164013803,
      "T_mae": 0.09255751222372055,
      "T_lum_mae": 0.17837779223918915,
      "B_mae": 0.13577546179294586,
      "preview_lum_cv": 0.16452222800970748,
      "T_highfreq_corr_with_bg": 0.03666077348061102,
      "disp_epe_px": 2.2513492107391357,
      "disp_corr_x": 0.7110350554824242,
      "disp_corr_y": 0.6384794964834521,
      "curl_abs": 0.00228379899635911,
      "mean_rgb_mae": 0.09227564185857773,
      "mean_luma_abs": 0.17837783694267273,
      "prior_mode": "none"
    },
    {
      "name": "luma-oracle",
      "renderer_recon_mae": 0.0021701130317524076,
      "T_mae": 0.017532387748360634,
      "T_lum_mae": 0.019870661199092865,
      "B_mae": 0.04787127673625946,
      "preview_lum_cv": 0.06507383024408168,
      "T_highfreq_corr_with_bg": -0.039776158341826975,
      "disp_epe_px": 2.179553747177124,
      "disp_corr_x": 0.7019919664337899,
      "disp_corr_y": 0.689605430057532,
      "curl_abs": 0.002433672547340393,
      "mean_rgb_mae": 0.007919790223240852,
      "mean_luma_abs": 0.0009337067604064941,
      "prior_mode": "luma-oracle"
    },
    {
      "name": "rgb-oracle",
      "renderer_recon_mae": 0.0021038316190242767,
      "T_mae": 0.012613425962626934,
      "T_lum_mae": 0.0195879265666008,
      "B_mae": 0.03571449592709541,
      "preview_lum_cv": 0.06790217308415826,
      "T_highfreq_corr_with_bg": -0.04991310306020734,
      "disp_epe_px": 2.3073010444641113,
      "disp_corr_x": 0.6813754597972751,
      "disp_corr_y": 0.6109377366302594,
      "curl_abs": 0.0023588219191879034,
      "mean_rgb_mae": 0.00048039978719316423,
      "mean_luma_abs": 0.0007071793079376221,
      "prior_mode": "rgb-oracle"
    },
    {
      "name": "rgb-bright-biased",
      "renderer_recon_mae": 0.002142052398994565,
      "T_mae": 0.03278803452849388,
      "T_lum_mae": 0.05325259268283844,
      "B_mae": 0.055205099284648895,
      "preview_lum_cv": 0.05712199228415375,
      "T_highfreq_corr_with_bg": 0.10619449403755934,
      "disp_epe_px": 2.2903218269348145,
      "disp_corr_x": 0.6817897791677245,
      "disp_corr_y": 0.6118658188637426,
      "curl_abs": 0.002369691152125597,
      "mean_rgb_mae": 0.03152398765087128,
      "mean_luma_abs": 0.0512106716632843,
      "prior_mode": "rgb-bright-biased"
    },
    {
      "name": "rgb-chroma-biased",
      "renderer_recon_mae": 0.0021986699430271983,
      "T_mae": 0.029390346258878708,
      "T_lum_mae": 0.033460818231105804,
      "B_mae": 0.06546319276094437,
      "preview_lum_cv": 0.07973016543477397,
      "T_highfreq_corr_with_bg": -0.05981561200622526,
      "disp_epe_px": 2.25838303565979,
      "disp_corr_x": 0.685762813421671,
      "disp_corr_y": 0.6146226199205153,
      "curl_abs": 0.002337973564863205,
      "mean_rgb_mae": 0.02771781198680401,
      "mean_luma_abs": 0.02934280037879944,
      "prior_mode": "rgb-chroma-biased"
    }
  ],
  "logs": {
    "none": [
      {
        "step": 0,
        "loss": 0.023498626425862312,
        "recon": 0.023443203419446945,
        "curl": 0.0,
        "prior": 0.0,
        "disp_abs": 0.0
      },
      {
        "step": 450,
        "loss": 0.0033745737746357918,
        "recon": 0.0023110751062631607,
        "curl": 0.0023085628636181355,
        "prior": 0.0,
        "disp_abs": 1.2518949508666992
      },
      {
        "step": 900,
        "loss": 0.0033096359111368656,
        "recon": 0.0022423043847084045,
        "curl": 0.002317531267181039,
        "prior": 0.0,
        "disp_abs": 1.3741239309310913
      },
      {
        "step": 1199,
        "loss": 0.0032650046050548553,
        "recon": 0.002205692231655121,
        "curl": 0.00228379899635911,
        "prior": 0.0,
        "disp_abs": 1.4159598350524902
      }
    ],
    "luma-oracle": [
      {
        "step": 0,
        "loss": 0.08748091757297516,
        "recon": 0.023443203419446945,
        "curl": 0.0,
        "prior": 0.255929172039032,
        "disp_abs": 0.0
      },
      {
        "step": 450,
        "loss": 0.0035271013621240854,
        "recon": 0.0024354858323931694,
        "curl": 0.0024787411093711853,
        "prior": 3.382563591003418e-05,
        "disp_abs": 1.10142183303833
      },
      {
        "step": 900,
        "loss": 0.0036163402255624533,
        "recon": 0.002264448907226324,
        "curl": 0.0024645610246807337,
        "prior": 0.001073002815246582,
        "disp_abs": 1.2344642877578735
      },
      {
        "step": 1199,
        "loss": 0.0034289639443159103,
        "recon": 0.0021618190221488476,
        "curl": 0.002433672547340393,
        "prior": 0.0007585585117340088,
        "disp_abs": 1.274337887763977
      }
    ],
    "rgb-oracle": [
      {
        "step": 0,
        "loss": 0.0598897859454155,
        "recon": 0.023443203419446945,
        "curl": 0.0,
        "prior": 0.14556463062763214,
        "disp_abs": 0.0
      },
      {
        "step": 450,
        "loss": 0.0035610159393399954,
        "recon": 0.0023514917120337486,
        "curl": 0.00246366742067039,
        "prior": 0.0005489972536452115,
        "disp_abs": 1.1146889925003052
      },
      {
        "step": 900,
        "loss": 0.0032878373749554157,
        "recon": 0.002119282726198435,
        "curl": 0.002386651933193207,
        "prior": 0.0004546406271401793,
        "disp_abs": 1.2571390867233276
      },
      {
        "step": 1199,
        "loss": 0.0035298429429531097,
        "recon": 0.0021972660906612873,
        "curl": 0.0023588219191879034,
        "prior": 0.0011458341032266617,
        "disp_abs": 1.2903186082839966
      }
    ],
    "rgb-bright-biased": [
      {
        "step": 0,
        "loss": 0.06765558570623398,
        "recon": 0.023443203419446945,
        "curl": 0.0,
        "prior": 0.17662782967090607,
        "disp_abs": 0.0
      },
      {
        "step": 450,
        "loss": 0.0037573890294879675,
        "recon": 0.002443833975121379,
        "curl": 0.0024071200750768185,
        "prior": 0.0009891291847452521,
        "disp_abs": 1.1250513792037964
      },
      {
        "step": 900,
        "loss": 0.003373359562829137,
        "recon": 0.0021865081507712603,
        "curl": 0.0023977577220648527,
        "prior": 0.0005038430099375546,
        "disp_abs": 1.2711447477340698
      },
      {
        "step": 1199,
        "loss": 0.0032793902792036533,
        "recon": 0.0021341899409890175,
        "curl": 0.002369691152125597,
        "prior": 0.00037132450961507857,
        "disp_abs": 1.2987202405929565
      }
    ],
    "rgb-chroma-biased": [
      {
        "step": 0,
        "loss": 0.059126123785972595,
        "recon": 0.023443203419446945,
        "curl": 0.0,
        "prior": 0.14250999689102173,