{
  "case": "seed71",
  "claim": "Soft curl penalty may preserve easy free-flow fitting while encouraging physical/integrable refraction.",
  "config": {
    "out": "research/delighting/results/differentiable_sheet_curl_regularized_sweep",
    "size": 144,
    "seed": 71,
    "ambient": 0.12,
    "leak": 0.88,
    "max_disp": 10.0,
    "shift_x": 19.0,
    "shift_y": -11.0,
    "t_low_res": 26,
    "disp_low_res": 54,
    "b_low_res": 72,
    "steps_motion": 1200,
    "lr_t": 0.08,
    "lr_d": 0.05,
    "lr_b": 0.035,
    "t_tv": 0.01,
    "b_tv": 0.0015,
    "disp_tv": 0.004,
    "disp_lap": 0.004,
    "disp_mag": 0.001,
    "curl_weights": "0,0.03,0.10,0.30",
    "log_every": 450,
    "sweep": true,
    "sweep_seeds": "71,72,73,74",
    "cpu": false,
    "device": "mps",
    "elapsed_s": 7.377597808837891,
    "shifts": [
      [
        0.0,
        0.0
      ],
      [
        19.0,
        -11.0
      ]
    ]
  },
  "metrics": [
    {
      "name": "curl 0",
      "renderer_recon_mae": 0.0018215219024568796,
      "T_mae": 0.10103399306535721,
      "T_lum_mae": 0.19307728111743927,
      "B_mae": 0.1612093597650528,
      "preview_lum_cv": 0.1299527813921714,
      "T_highfreq_corr_with_bg": 0.09133846736653074,
      "disp_epe_px": 3.2260990142822266,
      "disp_corr_x": 0.2662828985354181,
      "disp_corr_y": 0.15592228253500107,
      "curl_abs": 0.04274347051978111,
      "curl_weight": 0.0
    },
    {
      "name": "curl 0.03",
      "renderer_recon_mae": 0.00204974616644904,
      "T_mae": 0.09772305190563202,
      "T_lum_mae": 0.18714049458503723,
      "B_mae": 0.15326131880283356,
      "preview_lum_cv": 0.13969491419669433,
      "T_highfreq_corr_with_bg": 0.0645696851490652,
      "disp_epe_px": 2.6873693466186523,
      "disp_corr_x": 0.4316099466884002,
      "disp_corr_y": 0.37965638507609634,
      "curl_abs": 0.008229588158428669,
      "curl_weight": 0.03
    },
    {
      "name": "curl 0.1",
      "renderer_recon_mae": 0.00210497563239187,
      "T_mae": 0.09464047104120255,
      "T_lum_mae": 0.18117447197437286,
      "B_mae": 0.14581023156642914,
      "preview_lum_cv": 0.1632616356836791,
      "T_highfreq_corr_with_bg": 0.03175659439148246,
      "disp_epe_px": 2.5877492427825928,
      "disp_corr_x": 0.5196915391039234,
      "disp_corr_y": 0.42640210245722515,
      "curl_abs": 0.0034068271052092314,
      "curl_weight": 0.1
    },
    {
      "name": "curl 0.3",
      "renderer_recon_mae": 0.0022485617082566023,
      "T_mae": 0.09487801790237427,
      "T_lum_mae": 0.18144603073596954,
      "B_mae": 0.14520345628261566,
      "preview_lum_cv": 0.15499576481016536,
      "T_highfreq_corr_with_bg": -0.009065063604173616,
      "disp_epe_px": 2.500359296798706,
      "disp_corr_x": 0.5473222367823144,
      "disp_corr_y": 0.4629854067177411,
      "curl_abs": 0.002456946764141321,
      "curl_weight": 0.3
    }
  ],
  "logs": {
    "curl 0": [
      {
        "step": 0,
        "loss": 0.023424845188856125,
        "recon": 0.023371972143650055,
        "curl": 0.0,
        "disp_abs": 0.0
      },
      {
        "step": 450,
        "loss": 0.0025466366205364466,
        "recon": 0.0018813018687069416,
        "curl": 0.04288386553525925,
        "disp_abs": 1.5303964614868164
      },
      {
        "step": 900,
        "loss": 0.002494759624823928,
        "recon": 0.001840981305576861,
        "curl": 0.04261484742164612,
        "disp_abs": 1.498087763786316
      },
      {
        "step": 1199,
        "loss": 0.0024879465345293283,
        "recon": 0.001835359027609229,
        "curl": 0.04274347051978111,
        "disp_abs": 1.4931248426437378
      }
    ],
    "curl 0.03": [
      {
        "step": 0,
        "loss": 0.023424845188856125,
        "recon": 0.023371972143650055,
        "curl": 0.0,
        "disp_abs": 0.0
      },
      {
        "step": 450,
        "loss": 0.0028520049527287483,
        "recon": 0.002122027799487114,
        "curl": 0.008330963551998138,
        "disp_abs": 1.2175788879394531
      },
      {
        "step": 900,
        "loss": 0.002794842002913356,
        "recon": 0.002070282120257616,
        "curl": 0.008277120999991894,
        "disp_abs": 1.2490134239196777
      },
      {
        "step": 1199,
        "loss": 0.0027760097291320562,
        "recon": 0.0020583567675203085,
        "curl": 0.008229588158428669,
        "disp_abs": 1.2483059167861938
      }
    ],
    "curl 0.1": [
      {
        "step": 0,
        "loss": 0.023424845188856125,
        "recon": 0.023371972143650055,
        "curl": 0.0,
        "disp_abs": 0.0
      },
      {
        "step": 450,
        "loss": 0.0029922635294497013,
        "recon": 0.002219301648437977,
        "curl": 0.0035165275912731886,
        "disp_abs": 1.1507234573364258
      },
      {
        "step": 900,
        "loss": 0.002880014944821596,
        "recon": 0.002122623845934868,
        "curl": 0.003420763649046421,
        "disp_abs": 1.2154256105422974
      },
      {
        "step": 1199,
        "loss": 0.0028663408011198044,
        "recon": 0.0021096591372042894,
        "curl": 0.003406826639547944,
        "disp_abs": 1.2320234775543213
      }
    ],
    "curl 0.3": [
      {
        "step": 0,
        "loss": 0.023424845188856125,
        "recon": 0.023371972143650055,
        "curl": 0.0,
        "disp_abs": 0.0
      },
      {
        "step": 450,
        "loss": 0.003487121080979705,
        "recon": 0.0023616827093064785,
        "curl": 0.0024571844842284918,
        "disp_abs": 1.1289939880371094
      },
      {
        "step": 900,
        "loss": 0.003400054294615984,
        "recon": 0.002281893277540803,
        "curl": 0.0024220056366175413,
        "disp_abs": 1.2010513544082642
      },
      {
        "step": 1199,
        "loss": 0.0033773474860936403,
        "recon": 0.002248551696538925,
        "curl": 0.002456946764141321,
        "disp_abs": 1.2394993305206299
      }
    ]
  }
}