{
  "amber": {
    "before": {
      "T_mean_rgb": [
        0.7398021688160176,
        0.4041144057459171,
        0.01751973472248144
      ],
      "h_mean": 0.06001199886632494,
      "T_anchor_k": 0.95,
      "recon_mae_srgb255": 1.959075976484441
    },
    "after": {
      "T_mean_rgb": [
        0.6619282563074554,
        0.27289651521791924,
        0.011976871697404955
      ],
      "h_mean": 0.06001199886632494,
      "T_anchor_k": 0.85,
      "recon_mae_srgb255": 3.27824429110404
    }
  },
  "orange": {
    "before": {
      "T_mean_rgb": [
        0.8664440567382823,
        0.31691668954570906,
        0.011764787896913284
      ],
      "h_mean": 0.06000643320604656,
      "T_anchor_k": 0.95,
      "recon_mae_srgb255": 2.067304230362382
    },
    "after": {
      "T_mean_rgb": [
        0.7752394191812337,
        0.16954980786107163,
        0.006373479983783644
      ],
      "h_mean": 0.06000643320604656,
      "T_anchor_k": 0.85,
      "recon_mae_srgb255": 3.234851780018402
    }
  },
  "pink": {
    "before": {
      "T_mean_rgb": [
        0.5912262499398847,
        0.15264072109444232,
        0.24225498245202856
      ],
      "h_mean": 0.06002858745956648,
      "T_anchor_k": 0.95,
      "recon_mae_srgb255": 1.750299922821954
    },
    "after": {
      "T_mean_rgb": [
        0.528991907840809,
        0.08682239412844536,
        0.14260740899078372
      ],
      "h_mean": 0.06002858745956648,
      "T_anchor_k": 0.85,
      "recon_mae_srgb255": 3.436583496367819
    }
  },
  "red": {
    "before": {
      "T_mean_rgb": [
        0.7824063895179357,
        0.02520502468615069,
        0.05698148398090913
      ],
      "h_mean": 0.06000402800421831,
      "T_anchor_k": 0.95,
      "recon_mae_srgb255": 2.590421065478495
    },
    "after": {
      "T_mean_rgb": [
        0.700047822197153,
        0.009130759975172424,
        0.023771394408906216
      ],
      "h_mean": 0.06000402800421831,
      "T_anchor_k": 0.85,
      "recon_mae_srgb255": 3.4341984869741644
    }
  },
  "green": {
    "before": {
      "T_mean_rgb": [
        0.02887921448524651,
        0.46613441717391124,
        0.07903060633130325
      ],
      "h_mean": 0.06001495043901754,
      "T_anchor_k": 0.95,
      "recon_mae_srgb255": 0.5158862070889855
    },
    "after": {
      "T_mean_rgb": [
        0.023135407783482418,
        0.41706763641869155,
        0.06393547524552261
      ],
      "h_mean": 0.06001495043901754,
      "T_anchor_k": 0.85,
      "recon_mae_srgb255": 0.8725069996332528
    }
  },
  "blue": {
    "before": {
      "T_mean_rgb": [
        0.055626922409236335,
        0.24672400597570146,
        0.7397535137851211
      ],
      "h_mean": 0.06000441646323209,
      "T_anchor_k": 0.95,
      "recon_mae_srgb255": 2.965916790093296
    },
    "after": {
      "T_mean_rgb": [
        0.023224447487986175,
        0.09865630102471198,
        0.6618847228584698
      ],
      "h_mean": 0.06000441646323209,
      "T_anchor_k": 0.85,
      "recon_mae_srgb255": 4.657340652660688
    }
  },
  "turquoise": {
    "before": {
      "T_mean_rgb": [
        0.039135298896382946,
        0.38965774794588337,
        0.3740408221258714
      ],
      "h_mean": 0.06002420282760869,
      "T_anchor_k": 0.95,
      "recon_mae_srgb255": 1.2918091319784015
    },
    "after": {
      "T_mean_rgb": [
        0.028867542607578896,
        0.346556396489815,
        0.32931871165935134
      ],
      "h_mean": 0.06002420282760869,
      "T_anchor_k": 0.85,
      "recon_mae_srgb255": 1.6171449383346204
    }
  },
  "white": {
    "before": {
      "T_mean_rgb": [
        0.5593583678829228,
        0.5791892272122825,
        0.5995551962900441
      ],
      "h_mean": 0.4556373341017285,
      "T_anchor_k": 0.88,
      "recon_mae_srgb255": 3.56835915618786
    },
    "after": {
      "T_mean_rgb": [
        0.5362497513227017,
        0.5575234349005991,
        0.5810969413049661
      ],
      "h_mean": 0.4675210201595416,
      "T_anchor_k": 0.88,
      "recon_mae_srgb255": 2.568538471681746
    }
  },
  "black": {
    "before": {
      "T_mean_rgb": [
        0.03893692424322447,
        0.04572937565998173,
        0.03439651912987012
      ],
      "h_mean": 0.26150946908937966,
      "T_anchor_k": 0.2,
      "recon_mae_srgb255": 0.4398396952879191
    },
    "after": {
      "T_mean_rgb": [
        0.038390895503970845,
        0.045288988162880184,
        0.033312517249552295
      ],
      "h_mean": 0.26150946908937966,
      "T_anchor_k": 0.2,
      "recon_mae_srgb255": 0.530879174285114
    }
  }
}