{
  "glass_class": "cathedral-clear",
  "recon_mae_srgb255": 1.9590759764844399,
  "recon_p95_srgb255": 11.237977141198007,
  "recon_mae_all_srgb255": 1.9590759764844399,
  "spec_pixels_pct": 0.0,
  "mark_pixels_pct": 0.0,
  "h_mean": 0.060011998866324925,
  "T_mean_rgb": [
    0.7398021688160176,
    0.4041144057459171,
    0.01751973472248144
  ],
  "T_anchor_k": 0.95,
  "T_raw_p99": 1.9526317127311088
}