{
  "glass_class": "cathedral-clear",
  "recon_mae_srgb255": 2.1243190421878064,
  "recon_p95_srgb255": 11.913046536526805,
  "recon_mae_all_srgb255": 2.1243190421878064,
  "spec_pixels_pct": 0.0,
  "mark_pixels_pct": 0.0,
  "h_mean": 0.06001201117992199,
  "T_mean_rgb": [
    0.7458574491270101,
    0.41862167468606365,
    0.018660364770560264
  ]
}