{
  "glass_class": "cathedral-clear",
  "recon_mae_srgb255": 2.156660200436561,
  "recon_p95_srgb255": 11.932852757065454,
  "recon_mae_all_srgb255": 2.156660200436561,
  "spec_pixels_pct": 0.0,
  "mark_pixels_pct": 0.0,
  "h_mean": 0.06001201117992199,
  "T_mean_rgb": [
    0.7615597112080177,
    0.42743476257427787,
    0.019053214555203726
  ]
}