{
  "glass_class": "dark-opaque",
  "recon_mae_srgb255": 0.4398396952879192,
  "recon_p95_srgb255": 1.8646151682462533,
  "recon_mae_all_srgb255": 0.4398706687677149,
  "spec_pixels_pct": 0.008054963278843875,
  "mark_pixels_pct": 0.0,
  "h_mean": 0.2615094690893796,
  "T_mean_rgb": [
    0.03893692424322447,
    0.04572937565998173,
    0.03439651912987012
  ],
  "T_anchor_k": 0.2,
  "T_raw_p99": 1.4636636049823664
}