{
  "glass_class": "dark-opaque",
  "recon_mae_srgb255": 0.7973772437625645,
  "recon_p95_srgb255": 4.362359438917486,
  "recon_mae_all_srgb255": 0.7974620703636138,
  "spec_pixels_pct": 0.008054963278843875,
  "mark_pixels_pct": 0.0,
  "h_mean": 0.2609892472645542,
  "T_mean_rgb": [
    0.21035242632777498,
    0.2450671347994773,
    0.18841948637990358
  ]
}