{
  "glass_class": "dark-opaque",
  "recon_mae_srgb255": 0.7790074677642971,
  "recon_p95_srgb255": 4.3630944264922356,
  "recon_mae_all_srgb255": 0.7790964361535194,
  "spec_pixels_pct": 0.008054963278843875,
  "mark_pixels_pct": 0.0,
  "h_mean": 0.2609892472645542,
  "T_mean_rgb": [
    0.021685817147198416,
    0.025264653072119683,
    0.019424689317517365
  ]
}