{
  "glass_class": "dark-opaque",
  "recon_mae_srgb255": 0.4604673635825845,
  "recon_p95_srgb255": 1.9271777389212656,
  "recon_mae_all_srgb255": 0.46050135408605786,
  "spec_pixels_pct": 0.008054963278843875,
  "mark_pixels_pct": 0.0,
  "h_mean": 0.2615094690893796,
  "T_mean_rgb": [
    0.019468462121612237,
    0.022864687829990866,
    0.01719825956493506
  ],
  "T_anchor_k": 0.1,
  "T_raw_p99": 1.4636636049823664
}