{
  "glass_class": "cathedral-clear",
  "recon_mae_srgb255": 3.563335336341875,
  "recon_p95_srgb255": 24.551634075486163,
  "recon_mae_all_srgb255": 3.565399827874004,
  "spec_pixels_pct": 0.17412935323383086,
  "mark_pixels_pct": 0.0,
  "h_mean": 0.06000439633754876,
  "T_mean_rgb": [
    0.06307824691736637,
    0.2687865363210314,
    0.7622240622343216
  ]
}