{
  "glass_class": "cathedral-clear",
  "recon_mae_srgb255": 3.4486865123819066,
  "recon_p95_srgb255": 23.35648477894006,
  "recon_mae_all_srgb255": 3.450591152142242,
  "spec_pixels_pct": 0.17412935323383086,
  "mark_pixels_pct": 0.0,
  "h_mean": 0.06000439633754876,
  "T_mean_rgb": [
    0.06177766450670018,
    0.2632445458813012,
    0.7465081021947897
  ]
}