{
  "glass_class": "cathedral-clear",
  "recon_mae_srgb255": 2.9659167900932952,
  "recon_p95_srgb255": 20.66017230380536,
  "recon_mae_all_srgb255": 2.9667246479093734,
  "spec_pixels_pct": 0.17412935323383086,
  "mark_pixels_pct": 0.0,
  "h_mean": 0.06000441646323208,
  "T_mean_rgb": [
    0.055626922409236335,
    0.24672400597570146,
    0.7397535137851211
  ],
  "T_anchor_k": 0.95,
  "T_raw_p99": 5.062016602583764
}