{
  "glass_class": "cathedral-clear",
  "recon_mae_srgb255": 0.5158862070889857,
  "recon_p95_srgb255": 2.7240840169413447,
  "recon_mae_all_srgb255": 0.5191326288393365,
  "spec_pixels_pct": 0.4996446339729922,
  "mark_pixels_pct": 0.0,
  "h_mean": 0.06001495043901754,
  "T_mean_rgb": [
    0.02887921448524651,
    0.46613441717391124,
    0.07903060633130325
  ],
  "T_anchor_k": 0.95,
  "T_raw_p99": 1.3787698959822035
}