{
  "glass_class": "cathedral-clear",
  "recon_mae_srgb255": 0.6705646913713473,
  "recon_p95_srgb255": 3.480452432198981,
  "recon_mae_all_srgb255": 0.6744930174226327,
  "spec_pixels_pct": 0.4996446339729922,
  "mark_pixels_pct": 0.0,
  "h_mean": 0.06001477788741292,
  "T_mean_rgb": [
    0.03225225068838335,
    0.4900737141131055,
    0.08738634564756916
  ]
}