{
  "glass_class": "cathedral-clear",
  "recon_mae_srgb255": 0.6444702279798247,
  "recon_p95_srgb255": 3.4991650313805387,
  "recon_mae_all_srgb255": 0.6482598288611972,
  "spec_pixels_pct": 0.4996446339729922,
  "mark_pixels_pct": 0.0,
  "h_mean": 0.06001477788741292,
  "T_mean_rgb": [
    0.03158725582882925,
    0.47996910145166993,
    0.08558456532494065
  ]
}