{
  "glass_class": "cathedral-clear",
  "recon_mae_srgb255": 2.0673042303623825,
  "recon_p95_srgb255": 11.569046734344594,
  "recon_mae_all_srgb255": 2.0037636496093834,
  "spec_pixels_pct": 8.498223169864962,
  "mark_pixels_pct": 0.0,
  "h_mean": 0.06000643320604656,
  "T_mean_rgb": [
    0.8664440567382823,
    0.31691668954570906,
    0.011764787896913284
  ],
  "T_anchor_k": 0.95,
  "T_raw_p99": 2.676111576423588
}