{
  "glass_class": "cathedral-clear",
  "recon_mae_srgb255": 2.1064729991668627,
  "recon_p95_srgb255": 11.74956647761869,
  "recon_mae_all_srgb255": 2.048032976643853,
  "spec_pixels_pct": 8.498223169864962,
  "mark_pixels_pct": 0.0,
  "h_mean": 0.06000644677888393,
  "T_mean_rgb": [
    0.8690094549026343,
    0.3293780123179708,
    0.01224812706179438
  ]
}