{
  "glass_class": "cathedral-clear",
  "recon_mae_srgb255": 2.141108684063331,
  "recon_p95_srgb255": 11.806140902364636,
  "recon_mae_all_srgb255": 2.0844079356885303,
  "spec_pixels_pct": 8.498223169864962,
  "mark_pixels_pct": 0.0,
  "h_mean": 0.06000644677888393,
  "T_mean_rgb": [
    0.8873043907847755,
    0.3363122862615156,
    0.012505982368359054
  ]
}