{
  "glass_class": "cathedral-clear",
  "recon_mae_srgb255": 2.1693741393998485,
  "recon_p95_srgb255": 13.91777872698846,
  "recon_mae_all_srgb255": 2.1999508523191245,
  "spec_pixels_pct": 2.341862117981521,
  "mark_pixels_pct": 0.0,
  "h_mean": 0.06002863564890043,
  "T_mean_rgb": [
    0.6158447543904738,
    0.1735163679839536,
    0.2678606918264853
  ]
}