{
  "glass_class": "cathedral-clear",
  "recon_mae_srgb255": 2.107772579808578,
  "recon_p95_srgb255": 13.728334462779165,
  "recon_mae_all_srgb255": 2.1387838287586636,
  "spec_pixels_pct": 2.341862117981521,
  "mark_pixels_pct": 0.0,
  "h_mean": 0.06002863564890043,
  "T_mean_rgb": [
    0.603146924404573,
    0.1699387109121092,
    0.26233779096400567
  ]
}