{
  "glass_class": "cathedral-clear",
  "recon_mae_srgb255": 1.7502999228219545,
  "recon_p95_srgb255": 11.73279902230045,
  "recon_mae_all_srgb255": 1.7647985834403879,
  "spec_pixels_pct": 2.341862117981521,
  "mark_pixels_pct": 0.0,
  "h_mean": 0.06002858745956646,
  "T_mean_rgb": [
    0.5912262499398847,
    0.15264072109444232,
    0.24225498245202856
  ],
  "T_anchor_k": 0.95,
  "T_raw_p99": 2.94511659045052
}