{
  "glass_class": "cathedral-clear",
  "recon_mae_srgb255": 3.0706829807943716,
  "recon_p95_srgb255": 16.64230611886547,
  "recon_mae_all_srgb255": 3.2499277044748873,
  "spec_pixels_pct": 4.548922056384743,
  "mark_pixels_pct": 0.0,
  "h_mean": 0.06000411682189008,
  "T_mean_rgb": [
    0.8044029550061664,
    0.029254841421972388,
    0.06382972519216276
  ]
}