{
  "glass_class": "cathedral-clear",
  "recon_mae_srgb255": 2.5904210654784947,
  "recon_p95_srgb255": 14.609329591393172,
  "recon_mae_all_srgb255": 2.662578145408829,
  "spec_pixels_pct": 4.548922056384743,
  "mark_pixels_pct": 0.0,
  "h_mean": 0.060004028004218314,
  "T_mean_rgb": [
    0.7824063895179357,
    0.02520502468615069,
    0.05698148398090913
  ],
  "T_anchor_k": 0.95,
  "T_raw_p99": 4.439730849087752
}