{
  "glass_class": "cathedral-clear",
  "recon_mae_srgb255": 2.951908934984133,
  "recon_p95_srgb255": 15.669816942582553,
  "recon_mae_all_srgb255": 3.115887381849336,
  "spec_pixels_pct": 4.548922056384743,
  "mark_pixels_pct": 0.0,
  "h_mean": 0.06000411682189008,
  "T_mean_rgb": [
    0.7878173270757423,
    0.02865164881533461,
    0.06251364838407739
  ]
}