{
  "glass_class": "cathedral-clear",
  "recon_mae_srgb255": 1.2918091319784017,
  "recon_p95_srgb255": 6.956924751662666,
  "recon_mae_all_srgb255": 1.291852273324517,
  "spec_pixels_pct": 0.0040274816394219376,
  "mark_pixels_pct": 0.0,
  "h_mean": 0.060024202827608696,
  "T_mean_rgb": [
    0.039135298896382946,
    0.38965774794588337,
    0.3740408221258714
  ],
  "T_anchor_k": 0.95,
  "T_raw_p99": 1.51849276947091
}