{
  "glass_class": "cathedral-clear",
  "recon_mae_srgb255": 1.725719576436558,
  "recon_p95_srgb255": 10.101180279528585,
  "recon_mae_all_srgb255": 1.72574249228362,
  "spec_pixels_pct": 0.0040274816394219376,
  "mark_pixels_pct": 0.0,
  "h_mean": 0.0600240635174619,
  "T_mean_rgb": [
    0.046271061101563746,
    0.4161489943695875,
    0.400752653644769
  ]
}