{
  "glass_class": "cathedral-clear",
  "recon_mae_srgb255": 1.7075472933852491,
  "recon_p95_srgb255": 10.113411008113594,
  "recon_mae_all_srgb255": 1.7075736909949586,
  "spec_pixels_pct": 0.0040274816394219376,
  "mark_pixels_pct": 0.0,
  "h_mean": 0.0600240635174619,
  "T_mean_rgb": [
    0.04531701860462392,
    0.40756860273306533,
    0.3924897123324738
  ]
}