{
  "glass_class": "cathedral-clear",
  "recon_mae_srgb255": 0.8954258537440627,
  "recon_p95_srgb255": 4.9450563416821876,
  "recon_mae_all_srgb255": 0.9045702251341496,
  "spec_pixels_pct": 4.894337834636342,
  "mark_pixels_pct": 0.0,
  "h_mean": 0.08529476087073373,
  "T_mean_rgb": [
    0.5968607355003589,
    0.6186129949447163,
    0.6185524369141291
  ]
}