{
  "glass_class": "opalescent",
  "recon_mae_srgb255": 3.501861984044001,
  "recon_p95_srgb255": 16.056854076312707,
  "recon_mae_all_srgb255": 3.501861984044001,
  "spec_pixels_pct": 0.0,
  "mark_pixels_pct": 0.0,
  "h_mean": 0.46103740301218366,
  "T_mean_rgb": [
    0.5101328381389424,
    0.5255957781076034,
    0.5418518482525931
  ],
  "T_anchor_k": 0.8,
  "T_raw_p99": 1.1360983777495532
}