{
  "glass_class": "opalescent",
  "recon_mae_srgb255": 3.9809084088881472,
  "recon_p95_srgb255": 16.962512716351384,
  "recon_mae_all_srgb255": 3.9809084088881472,
  "spec_pixels_pct": 0.0,
  "mark_pixels_pct": 0.0,
  "h_mean": 0.46140872225779117,
  "T_mean_rgb": [
    0.5196764767058721,
    0.5356041049666082,
    0.5517947658291437
  ]
}