{
  "glass_class": "opalescent",
  "recon_mae_srgb255": 3.568359156187858,
  "recon_p95_srgb255": 15.89245618737984,
  "recon_mae_all_srgb255": 3.568359156187858,
  "spec_pixels_pct": 0.0,
  "mark_pixels_pct": 0.0,
  "h_mean": 0.4556373341017286,
  "T_mean_rgb": [
    0.5593583678829228,
    0.5791892272122825,
    0.5995551962900441
  ],
  "T_anchor_k": 0.88,
  "T_raw_p99": 1.1361172298666389
}