{
  "run_size": 512,
  "synthetic": {
    "cathedral-green": {
      "raw_photo": {
        "drag": {
          "n_positions": 9,
          "raw": {
            "lum_cv": 0.2920667099569539,
            "lab_dE": 9.841454636078844
          },
          "relit": {
            "lum_cv": 0.292066711283377,
            "lab_dE": 12.359310022507593
          },
          "grain_floor": {
            "lum_cv": 0.008509419480854341,
            "lab_dE": 0.2816975786960384
          }
        },
        "degeneracy": {
          "lum_corr_with_input": 1.0,
          "map_cv": 0.3407210185708509,
          "map_median_lin": 0.16437584906816483,
          "map_mean_lin": 0.16965405317436014
        }
      },
      "classical_T": {
        "drag": {
          "n_positions": 9,
          "raw": {
            "lum_cv": 0.2920667099569539,
            "lab_dE": 9.841454636078844
          },
          "relit": {
            "lum_cv": 0.1375984047568201,
            "lab_dE": 18.574692832667637
          },
          "grain_floor": {
            "lum_cv": 0.008509419480854341,
            "lab_dE": 0.2816975786960384
          }
        },
        "degeneracy": {
          "lum_corr_with_input": 0.8602081904736254,
          "map_cv": 0.17280020992538414,
          "map_median_lin": 0.4697983438350959,
          "map_mean_lin": 0.4877367258579506
        }
      },
      "log_trans": {
        "drag": {
          "n_positions": 9,
          "raw": {
            "lum_cv": 0.2920667099569539,
            "lab_dE": 9.841454636078844
          },
          "relit": {
            "lum_cv": 0.2754556278509329,
            "lab_dE": 11.984071362558137
          },
          "grain_floor": {
            "lum_cv": 0.008509419480854341,
            "lab_dE": 0.2816975786960384
          }
        },
        "degeneracy": {
          "lum_corr_with_input": 0.9092123590282651,
          "map_cv": 0.32160516673078104,
          "map_median_lin": 0.11852949485182762,
          "map_mean_lin": 0.13130512164989083
        }
      },
      "log_refl": {
        "drag": {
          "n_positions": 9,
          "raw": {
            "lum_cv": 0.2920667099569539,
            "lab_dE": 9.841454636078844
          },
          "relit": {
            "lum_cv": 0.11052223033428574,
            "lab_dE": 0.9002244242184931
          },
          "grain_floor": {
            "lum_cv": 0.008509419480854341,
            "lab_dE": 0.2816975786960384
          }
        },
        "degeneracy": {
          "lum_corr_with_input": 0.22378696615881008,
          "map_cv": 0.17205801834159817,
          "map_median_lin": 0.007606747094541788,
          "map_mean_lin": 0.00795462254320419
        }
      },
      "srgb_trans": {
        "drag": {
          "n_positions": 9,
          "raw": {
            "lum_cv": 0.2920667099569539,
            "lab_dE": 9.841454636078844
          },
          "relit": {
            "lum_cv": 0.2679424284459052,
            "lab_dE": 13.788935174470238
          },
          "grain_floor": {
            "lum_cv": 0.008509419480854341,
            "lab_dE": 0.2816975786960384
          }
        },
        "degeneracy": {
          "lum_corr_with_input": 0.9317039902951474,
          "map_cv": 0.31187426061331597,
          "map_median_lin": 0.14908954501152039,
          "map_mean_lin": 0.15960837866127017
        }
      },
      "srgb_refl": {
        "drag": {
          "n_positions": 9,
          "raw": {
            "lum_cv": 0.2920667099569539,
            "lab_dE": 9.841454636078844
          },
          "relit": {
            "lum_cv": 0.7656758984833167,
            "lab_dE": 1.44753362800621
          },
          "grain_floor": {
            "lum_cv": 0.008509419480854341,
            "lab_dE": 0.2816975786960384
          }
        },
        "degeneracy": {
          "lum_corr_with_input": 0.4729889709656619,
          "map_cv": 1.3995383592804425,
          "map_median_lin": 0.000593377451878041,
          "map_mean_lin": 0.0014494693585137839
        }
      },
      "_grain_floor": {
        "lum_cv": 0.008509419480854341,
        "lab_dE": 0.2816975786960384
      }
    },
    "wispy-white": {
      "raw_photo": {
        "drag": {
          "n_positions": 9,
          "raw": {
            "lum_cv": 0.1414748227915642,
            "lab_dE": 5.3010376695020085
          },
          "relit": {
            "lum_cv": 0.1414748233598731,
            "lab_dE": 6.695199251123342
          },
          "grain_floor": {
            "lum_cv": 0.027294476314729164,
            "lab_dE": 0.9178320448371975
          }
        },
        "degeneracy": {
          "lum_corr_with_input": 1.0,
          "map_cv": 0.17773073696374872,
          "map_median_lin": 0.24237222969532013,
          "map_mean_lin": 0.23442256974944797
        }
      },
      "classical_T": {
        "drag": {
          "n_positions": 9,
          "raw": {
            "lum_cv": 0.1414748227915642,
            "lab_dE": 5.3010376695020085
          },
          "relit": {
            "lum_cv": 0.0497237126602752,
            "lab_dE": 1.8941795268840689
          },
          "grain_floor": {
            "lum_cv": 0.027294476314729164,
            "lab_dE": 0.9178320448371975
          }
        },
        "degeneracy": {
          "lum_corr_with_input": 0.828224856193658,
          "map_cv": 0.0839528259981084,
          "map_median_lin": 0.8284653293697994,
          "map_mean_lin": 0.8252389779631657
        }
      },
      "log_trans": {
        "drag": {
          "n_positions": 9,
          "raw": {
            "lum_cv": 0.1414748227915642,
            "lab_dE": 5.3010376695020085
          },
          "relit": {
            "lum_cv": 0.12901789571162883,
            "lab_dE": 6.544300497734518
          },
          "grain_floor": {
            "lum_cv": 0.027294476314729164,
            "lab_dE": 0.9178320448371975
          }
        },
        "degeneracy": {
          "lum_corr_with_input": 0.8927150507651475,
          "map_cv": 0.15029012910701026,
          "map_median_lin": 0.2040051817893982,
          "map_mean_lin": 0.203527270749845
        }
      },
      "log_refl": {
        "drag": {
          "n_positions": 9,
          "raw": {
            "lum_cv": 0.1414748227915642,
            "lab_dE": 5.3010376695020085
          },
          "relit": {
            "lum_cv": 0.030211843201459778,
            "lab_dE": 0.4987610695115446
          },
          "grain_floor": {
            "lum_cv": 0.027294476314729164,
            "lab_dE": 0.9178320448371975
          }
        },
        "degeneracy": {
          "lum_corr_with_input": 0.49663916239222966,
          "map_cv": 0.08594635098768572,
          "map_median_lin": 0.09206559509038925,
          "map_mean_lin": 0.0929826630834422
        }
      },
      "srgb_trans": {
        "drag": {
          "n_positions": 9,
          "raw": {
            "lum_cv": 0.1414748227915642,
            "lab_dE": 5.3010376695020085
          },
          "relit": {
            "lum_cv": 0.12416973950158242,
            "lab_dE": 6.5098942786558265
          },
          "grain_floor": {
            "lum_cv": 0.027294476314729164,
            "lab_dE": 0.9178320448371975
          }
        },
        "degeneracy": {
          "lum_corr_with_input": 0.9720157975532351,
          "map_cv": 0.15077204536621852,
          "map_median_lin": 0.23286935687065125,
          "map_mean_lin": 0.22936295635430545
        }
      },
      "srgb_refl": {
        "drag": {
          "n_positions": 9,
          "raw": {
            "lum_cv": 0.1414748227915642,
            "lab_dE": 5.3010376695020085
          },
          "relit": {
            "lum_cv": 0.6616917207279364,
            "lab_dE": 0.2971138725688254
          },
          "grain_floor": {
            "lum_cv": 0.027294476314729164,
            "lab_dE": 0.9178320448371975
          }
        },
        "degeneracy": {
          "lum_corr_with_input": 0.554407837017892,