{
  "size": 700,
  "n_samples": 13,
  "counts": {
    "cathedral-amber": 1,
    "cathedral-blue": 1,
    "cathedral-green": 1,
    "cathedral-red": 1,
    "dark-deep": 1,
    "dark-opaque": 1,
    "dark-ruby": 1,
    "dark-slate": 1,
    "dark-textured": 1,
    "saturated-opalescent": 1,
    "streaky-fine-texture": 1,
    "streaky-mix": 1,
    "wispy-white": 1
  },
  "skipped": [],
  "per_recipe": {
    "cathedral-amber": {
      "n": 1,
      "T_mae": 0.11403611808007824,
      "T_p95": 0.23001759561407398,
      "h_mae": 0.02158800960679246,
      "h_p95": 0.05917691704284085,
      "T_mean_ext": [
        0.7988961596892841,
        0.5836274443162046,
        0.37538953090244265
      ],
      "T_mean_gt": [
        0.8195987114655375,
        0.7129515177276615,
        0.5227302355880906
      ],
      "h_mean_ext": 0.0849539816857988,
      "h_mean_gt": 0.09015997557619233,
      "recon_mae_srgb255": 0.23630832832254764
    },
    "cathedral-blue": {
      "n": 1,
      "T_mae": 0.07865162242859057,
      "T_p95": 0.17025118525114702,
      "h_mae": 0.03010943241851126,
      "h_p95": 0.030160121283298556,
      "T_mean_ext": [
        0.009579538603107653,
        0.5506897687082462,
        0.81944394330337
      ],
      "T_mean_gt": [
        0.00033121484523502333,
        0.4626738465404024,
        0.7059826432765747
      ],
      "h_mean_ext": 0.06005053447124239,
      "h_mean_gt": 0.09015996688975364,
      "recon_mae_srgb255": 0.3438933960885138
    },
    "cathedral-green": {
      "n": 1,
      "T_mae": 0.2718780063044736,
      "T_p95": 0.4994819674520585,
      "h_mae": 0.02458869018189321,
      "h_p95": 0.030247312351207676,
      "T_mean_ext": [
        0.249798942575653,
        0.48052665136964484,
        0.5038699466429404
      ],
      "T_mean_gt": [
        0.5495952003426661,
        0.7352673643535019,
        0.5706601251893885
      ],
      "h_mean_ext": 0.06559629656871818,
      "h_mean_gt": 0.0901600154144164,
      "recon_mae_srgb255": 0.5205535706133307
    },
    "cathedral-red": {
      "n": 1,
      "T_mae": 0.08863966828601326,
      "T_p95": 0.19326058808857244,
      "h_mae": 0.027875677891572356,
      "h_p95": 0.030097335119913613,
      "T_mean_ext": [
        0.7801671248746184,
        0.25449574537477376,
        0.265855583079602
      ],
      "T_mean_gt": [
        0.7367041143810823,
        0.22854526638630956,
        0.3651517176531077
      ],
      "h_mean_ext": 0.062284236634068485,
      "h_mean_gt": 0.09015990838602762,
      "recon_mae_srgb255": 0.5508870631479218
    },
    "dark-deep": {
      "n": 1,
      "T_mae": 0.06435587911553407,
      "T_p95": 0.12229342088974288,
      "h_mae": 0.11492513261251751,
      "h_p95": 0.36599287446310463,
      "T_mean_ext": [
        0.10681670929095112,
        0.1069095664570419,
        0.07681943551486937
      ],
      "T_mean_gt": [
        0.04809090226979519,
        0.04818939240952011,
        0.050262015403096987
      ],
      "h_mean_ext": 0.40372424504788823,
      "h_mean_gt": 0.3002445616686084,
      "recon_mae_srgb255": 0.051165345074529404
    },
    "dark-opaque": {
      "n": 1,
      "T_mae": 0.06313661655543217,
      "T_p95": 0.11122044559417665,
      "h_mae": 0.027995765792035655,
      "h_p95": 0.03499069964663051,
      "T_mean_ext": [
        0.08802703214777188,
        0.12445218167512856,
        0.19579683624466945
      ],
      "T_mean_gt": [
        0.18578190229526845,
        0.20240883854133718,
        0.18589981641988454
      ],
      "h_mean_ext": 0.2727638584657332,
      "h_mean_gt": 0.300244371879277,
      "recon_mae_srgb255": 2.0540566369540008
    },
    "dark-ruby": {
      "n": 1,
      "T_mae": 0.03649549610747064,
      "T_p95": 0.08513071276247502,
      "h_mae": 0.11289502519280384,
      "h_p95": 0.27757525077419093,
      "T_mean_ext": [
        0.1952821974126678,
        0.05168179895896713,
        0.0501664589573835
      ],
      "T_mean_gt": [
        0.12478929211337272,
        0.03082180299969804,
        0.03583295695255746
      ],
      "h_mean_ext": 0.31300791323543925,
      "h_mean_gt": 0.2001128880426355,
      "recon_mae_srgb255": 7.675998909989031
    },
    "dark-slate": {
      "n": 1,
      "T_mae": 0.15825774551492908,
      "T_p95": 0.2250216114591433,
      "h_mae": 0.2895655582587367,
      "h_p95": 0.40485802397226583,
      "T_mean_ext": [
        0.12854140547901108,
        0.13453862030120953,
        0.11657987336433114
      ],
      "T_mean_gt": [
        0.2696280257640362,
        0.2851837465799991,
        0.2996213633454
      ],
      "h_mean_ext": 0.4397207060252078,
      "h_mean_gt": 0.1501551477664712,
      "recon_mae_srgb255": 0.11513959862848903
    },
    "dark-textured": {
      "n": 1,
      "T_mae": 0.05468797767608454,
      "T_p95": 0.13315222493588424,
      "h_mae": 0.14864568827568342,
      "h_p95": 0.458280920075063,
      "T_mean_ext": [
        0.08566165174727365,
        0.11274743146374838,
        0.08770574626420319
      ],
      "T_mean_gt": [
        0.11336380322776542,
        0.15798510159790066,
        0.15771970592761933
      ],
      "h_mean_ext": 0.43759159836773787,
      "h_mean_gt": 0.2902419130674529,
      "recon_mae_srgb255": 0.12742791814915572
    },
    "saturated-opalescent": {
      "n": 1,
      "T_mae": 0.07634658649060108,
      "T_p95": 0.18024251628476173,
      "h_mae": 0.28308902185801765,
      "h_p95": 0.3786260349357851,
      "T_mean_ext": [
        0.8790704180349231,
        0.5077343255294415,
        0.7716791960642801
      ],
      "T_mean_gt": [
        0.7991402219283338,
        0.4528383411780912,
        0.6778771065168234
      ],
      "h_mean_ext": 0.8833289027707838,
      "h_mean_gt": 0.6002398809127661,
      "recon_mae_srgb255": 4.547174163029878
    },
    "streaky-fine-texture": {
      "n": 1,
      "T_mae": 0.10781718020698912,
      "T_p95": 0.28868868649005885,
      "h_mae": 0.2639399924917179,
      "h_p95": 0.5559134440045951,
      "T_mean_ext": [
        0.949615613075199,
        0.46330132167097443,
        0.4111117721891903
      ],
      "T_mean_gt": [
        0.7569275197623944,
        0.4097370400796435,
        0.380947245938118
      ],
      "h_mean_ext": 0.22533856639106692,
      "h_mean_gt": 0.3002444958464224,
      "recon_mae_srgb255": 3.895644914667022
    },
    "streaky-mix": {
      "n": 1,
      "T_mae": 0.15168720589493234,
      "T_p95": 0.32616433333986516,
      "h_mae": 0.3666662027908178,
      "h_p95": 0.858736659697594,
      "T_mean_ext": [
        0.7504869752568454,
        0.7576934719041104,
        0.7794769309609373
      ],
      "T_mean_gt": [
        0.843533935363317,
        0.886527444438545,
        0.9507509298044808
      ],
      "h_mean_ext": 0.4155360291032856,
      "h_mean_gt": 0.6096357471542851,
      "recon_mae_srgb255": 6.900833927548316
    },
    "wispy-white": {
      "n": 1,
      "T_mae": 0.04550221216843864,
      "T_p95": 0.10926090150511832,
      "h_mae": 0.268683379019883,
      "h_p95": 0.49815980988698005,
      "T_mean_ext": [
        0.8048957460164985,
        0.8050816723307628,
        0.8045798074934024
      ],
      "T_mean_gt": [
        0.7683765182742711,
        0.7756687533396683,
        0.8016118083534118
      ],
      "h_mean_ext": 0.9949970745571217,
      "h_mean_gt": 0.7294444487127413,
      "recon_mae_srgb255": 0.009499283543847428
    }
  },
  "per_sample": [
    {
      "sample": "cathedral-amber__seed501__light5794",
      "class_label": "cathedral-amber",
      "glass_class": "cathedral-clear",
      "size": [
        700,
        700
      ],
      "mark_frac": 0.007455102040816327,
      "T_mae": 0.11403611808007824,
      "T_p95": 0.23001759561407398,
      "h_mae": 0.02158800960679246,
      "h_p95": 0.05917691704284085,
      "T_mean_ext": [
        0.7988961596892841,
        0.5836274443162046,
        0.37538953090244265
      ],