{
  "size": 700,
  "n_samples": 13,
  "counts": {
    "cathedral-amber": 1,
    "cathedral-blue": 1,
    "cathedral-green": 1,
    "cathedral-red": 1,
    "dark-deep": 1,
    "dark-opaque": 1,
    "dark-ruby": 1,
    "dark-slate": 1,
    "dark-textured": 1,
    "saturated-opalescent": 1,
    "streaky-fine-texture": 1,
    "streaky-mix": 1,
    "wispy-white": 1
  },
  "skipped": [],
  "per_recipe": {
    "cathedral-amber": {
      "n": 1,
      "T_mae": 0.1118915279495448,
      "T_p95": 0.22667758994139925,
      "h_mae": 0.021809312147256114,
      "h_p95": 0.06197908464940109,
      "T_mean_ext": [
        0.7988932817006439,
        0.5855598506964234,
        0.3803421279189156
      ],
      "T_mean_gt": [
        0.8195987114655375,
        0.7129515177276615,
        0.5227302355880906
      ],
      "h_mean_ext": 0.08620909425762845,
      "h_mean_gt": 0.09015997557619233,
      "recon_mae_srgb255": 0.23720903903998655
    },
    "cathedral-blue": {
      "n": 1,
      "T_mae": 0.08315850274364595,
      "T_p95": 0.172086603989928,
      "h_mae": 0.03009675766209666,
      "h_p95": 0.030156986005225508,
      "T_mean_ext": [
        0.020343157552826185,
        0.5544240291011852,
        0.8198127039328241
      ],
      "T_mean_gt": [
        0.00033121484523502333,
        0.4626738465404024,
        0.7059826432765747
      ],
      "h_mean_ext": 0.060063209227656976,
      "h_mean_gt": 0.09015996688975364,
      "recon_mae_srgb255": 0.35292358447023325
    },
    "cathedral-green": {
      "n": 1,
      "T_mae": 0.2702912260506847,
      "T_p95": 0.49792663928358477,
      "h_mae": 0.024506458599556108,
      "h_p95": 0.03024679833484142,
      "T_mean_ext": [
        0.25081767423842805,
        0.48166789023128476,
        0.5069127302233708
      ],
      "T_mean_gt": [
        0.5495952003426661,
        0.7352673643535019,
        0.5706601251893885
      ],
      "h_mean_ext": 0.06567863424064058,
      "h_mean_gt": 0.0901600154144164,
      "recon_mae_srgb255": 0.5209844286008647
    },
    "cathedral-red": {
      "n": 1,
      "T_mae": 0.08806909452814252,
      "T_p95": 0.18834531106569516,
      "h_mae": 0.027752825508882622,
      "h_p95": 0.030075811344878186,
      "T_mean_ext": [
        0.7807077092696088,
        0.2577894113960958,
        0.26912818254792864
      ],
      "T_mean_gt": [
        0.7367041143810823,
        0.22854526638630956,
        0.3651517176531077
      ],
      "h_mean_ext": 0.062407083284586,
      "h_mean_gt": 0.09015990838602762,
      "recon_mae_srgb255": 0.5492160572490847
    },
    "dark-deep": {
      "n": 1,
      "T_mae": 0.06447730135113124,
      "T_p95": 0.12348893343097603,
      "h_mae": 0.15476852071220318,
      "h_p95": 0.4932342089826098,
      "T_mean_ext": [
        0.11365188566629912,
        0.11193172454206275,
        0.08002887851057161
      ],
      "T_mean_gt": [
        0.04809090226979519,
        0.04818939240952011,
        0.050262015403096987
      ],
      "h_mean_ext": 0.4443460221453268,
      "h_mean_gt": 0.3002445616686084,
      "recon_mae_srgb255": 0.04791275973265458
    },
    "dark-opaque": {
      "n": 1,
      "T_mae": 0.06311868728922493,
      "T_p95": 0.11121131525558027,
      "h_mae": 0.02799522023150205,
      "h_p95": 0.03496722795008972,
      "T_mean_ext": [
        0.08807030952967539,
        0.12447115469780232,
        0.19591320772748352
      ],
      "T_mean_gt": [
        0.18578190229526845,
        0.20240883854133718,
        0.18589981641988454
      ],
      "h_mean_ext": 0.27270887736194926,
      "h_mean_gt": 0.300244371879277,
      "recon_mae_srgb255": 2.0647004020686324
    },
    "dark-ruby": {
      "n": 1,
      "T_mae": 0.036872331080214385,
      "T_p95": 0.0851330306237415,
      "h_mae": 0.1121731586706694,
      "h_p95": 0.27697510532512126,
      "T_mean_ext": [
        0.1953103760146014,
        0.05233052519626468,
        0.05066929884574314
      ],
      "T_mean_gt": [
        0.12478929211337272,
        0.03082180299969804,
        0.03583295695255746
      ],
      "h_mean_ext": 0.31228604671330495,
      "h_mean_gt": 0.2001128880426355,
      "recon_mae_srgb255": 7.659914258527182
    },
    "dark-slate": {
      "n": 1,
      "T_mae": 0.15806221226630296,
      "T_p95": 0.2246740785519567,
      "h_mae": 0.289421782772993,
      "h_p95": 0.40141314984837095,
      "T_mean_ext": [
        0.12871767859656047,
        0.13472351363223456,
        0.11680530666164153
      ],
      "T_mean_gt": [
        0.2696280257640362,
        0.2851837465799991,
        0.2996213633454
      ],
      "h_mean_ext": 0.4395769305394643,
      "h_mean_gt": 0.1501551477664712,
      "recon_mae_srgb255": 0.1150548280669302
    },
    "dark-textured": {
      "n": 1,
      "T_mae": 0.05375510096385389,
      "T_p95": 0.1312691997193193,
      "h_mae": 0.15206798742630237,
      "h_p95": 0.4624420863621567,
      "T_mean_ext": [
        0.08673264267897636,
        0.11383197370328847,
        0.08904852690896077
      ],
      "T_mean_gt": [
        0.11336380322776542,
        0.15798510159790066,
        0.15771970592761933
      ],
      "h_mean_ext": 0.44119242082048976,
      "h_mean_gt": 0.2902419130674529,
      "recon_mae_srgb255": 0.1337327025541457
    },
    "saturated-opalescent": {
      "n": 1,
      "T_mae": 0.0765158573887607,
      "T_p95": 0.18031074054376928,
      "h_mae": 0.2832780478078597,
      "h_p95": 0.3786790663667551,
      "T_mean_ext": [
        0.8790695416809043,
        0.5080535661174196,
        0.7718829820395616
      ],
      "T_mean_gt": [
        0.7991402219283338,
        0.4528383411780912,
        0.6778771065168234
      ],
      "h_mean_ext": 0.8835179287206262,
      "h_mean_gt": 0.6002398809127661,
      "recon_mae_srgb255": 4.545741768270918
    },
    "streaky-fine-texture": {
      "n": 1,
      "T_mae": 0.10769012218315309,
      "T_p95": 0.2875442505901003,
      "h_mae": 0.2579591016302546,
      "h_p95": 0.5302107068215901,
      "T_mean_ext": [
        0.9483401485275592,
        0.4653544152481995,
        0.414280665683678
      ],
      "T_mean_gt": [
        0.7569275197623944,
        0.4097370400796435,
        0.380947245938118
      ],
      "h_mean_ext": 0.21343443883350607,
      "h_mean_gt": 0.3002444958464224,
      "recon_mae_srgb255": 3.701099249768044
    },
    "streaky-mix": {
      "n": 1,
      "T_mae": 0.15215560356126512,
      "T_p95": 0.3273772283700459,
      "h_mae": 0.3609711119825085,
      "h_p95": 0.8612822632973377,
      "T_mean_ext": [
        0.7491469316733389,
        0.7568164303172267,
        0.7792515206717583
      ],
      "T_mean_gt": [
        0.843533935363317,
        0.886527444438545,
        0.9507509298044808
      ],
      "h_mean_ext": 0.4079552001452945,
      "h_mean_gt": 0.6096357471542851,
      "recon_mae_srgb255": 6.089737050171811
    },
    "wispy-white": {
      "n": 1,
      "T_mae": 0.04546664649794518,
      "T_p95": 0.10921004665139579,
      "h_mae": 0.2686841480637457,
      "h_p95": 0.4981607422917489,
      "T_mean_ext": [
        0.804941273785642,
        0.8051268673425389,
        0.804625405117966
      ],
      "T_mean_gt": [
        0.7683765182742711,
        0.7756687533396683,
        0.8016118083534118
      ],
      "h_mean_ext": 0.9949971130716297,
      "h_mean_gt": 0.7294444487127413,
      "recon_mae_srgb255": 0.009525308981381512
    }
  },
  "per_sample": [
    {
      "sample": "cathedral-amber__seed501__light5794",
      "class_label": "cathedral-amber",
      "glass_class": "cathedral-clear",
      "size": [
        700,
        700
      ],
      "mark_frac": 0.007455102040816327,
      "T_mae": 0.1118915279495448,
      "T_p95": 0.22667758994139925,
      "h_mae": 0.021809312147256114,
      "h_p95": 0.06197908464940109,
      "T_mean_ext": [
        0.7988932817006439,
        0.5855598506964234,
        0.3803421279189156
      ],